Epocas,Pesos
0,5.958525335073775
20,6.988202038026742
40,7.771365249975265
60,8.417884896261901
80,8.845738638966033
100,8.945895081369992
120,8.908678614694669
140,8.906090127853888
160,8.968871345238485
180,8.973360691603908
200,9.000121095012426
220,9.033299275406883
240,9.023362739732896
260,9.030669905014177
280,9.038783252545919
300,9.026916362125988
320,9.086241154631455
340,9.123446562757414
360,9.104219249429638
380,9.123687527290707
400,9.095541065100944
420,9.100823829060875
440,9.146288478129339
460,9.28793385558987
480,9.285654539775402
500,9.334944318259314
520,9.349563989756621
540,9.330459680699674
560,9.317327963158204
580,9.319738695797309
600,9.372568966374537
620,9.325860150093796
640,9.331416485142238
660,9.352145057086622
680,9.356214366279357
700,9.393045599804982
720,9.35946731560656
740,9.3702191732668
760,9.432040384181889
780,9.428920144992235
800,9.452535298796487
820,9.545082025339092
840,9.54561412105219
860,9.555208342309468
880,9.550410343393992
900,9.561883242631648
920,9.582206253096427
940,9.6089135543839
960,9.585251322000222
980,9.630397468831617
1000,9.625692644560726
1020,9.644423657675574
1040,9.677858622295592
1060,9.65115400714467
1080,9.646670121177383
1100,9.633966111546142
1120,9.694537660981508
1140,9.709464445812324
1160,9.744533423836472
1180,9.715393013145166
1200,9.713966435810118
1220,9.71553786001371
1240,9.732692379816948
1260,9.746279518068862
1280,9.732688132129997
1300,9.746623616947918
1320,9.742999619605731
1340,9.799097074199295
1360,9.809529935549039
1380,9.779658578144197
1400,9.793710187845997
1420,9.805923112191346
1440,9.830069150883759
1460,9.844996603286162
1480,9.85528986545934
1500,9.86239295340333
1520,9.892706911449142
1540,9.87468663733893
1560,9.884386721719956
1580,9.866728430164267
1600,9.861774647432267
1620,9.878080450977857
1640,9.896226444035308
1660,9.887056978221153
1680,9.9144440312751
1700,9.933872838693627
1720,9.962643230513713
1740,9.982901397228742
1760,9.982400244637994
1780,9.977518300519957
1800,9.948148115822905
1820,9.98149193319152
1840,9.97259292278146
1860,9.976810173564711
1880,9.989122715251447
1900,9.954104689399582
1920,9.988684074842391
1940,10.004054360596047
1960,10.002295215357284
1980,10.021710959647695
2000,10.020001244032425
2020,10.015173224869002
2040,10.033087608976194
2060,10.029798132426468
2080,10.057335876435095
2100,10.072202923621248
2120,10.074582098980605
2140,10.079309056095939
2160,10.095898874691263
2180,10.070056303195212
2200,10.123166347073138
2220,10.0952904127431
2240,10.107371389676224
2260,10.16869923078143
2280,10.11884463757034
2300,10.122294106058828
2320,10.14035767249948
2340,10.11812394741716
2360,10.131859018779949
2380,10.137222284368963
2400,10.143343952127822
2420,10.17323470932207
2440,10.145478214222084
2460,10.172399711797734
2480,10.111688020512135
2500,10.164918625238375
2520,10.157544813965627
2540,10.160267440549351
2560,10.13080948907383
2580,10.2062275429994
2600,10.221627314599733
2620,10.186628487009617
2640,10.23702378958647
2660,10.259045237343456
2680,10.222613006057305
2700,10.248697638101419
2720,10.244123584200556
2740,10.257161766702264
2760,10.264204667038868
2780,10.248058740898323
2800,10.241345943955086
2820,10.25785513144035
2840,10.25881959258879
2860,10.269110372973632
2880,10.282731351613142
2900,10.254633327278537
2920,10.268679203608329
2940,10.256287175920882
2960,10.273029595760942
2980,10.308033765315837
3000,10.28512791618516
3020,10.287516167649034
3040,10.316053092138919
3060,10.324760312887763
3080,10.349230067321919
3100,10.325351593181175
3120,10.319764456400513
3140,10.301231731715
3160,10.363519271122684
3180,10.349204162037429
3200,10.35256747395853
3220,10.402727463257927
3240,10.386016451106043
3260,10.358117826719907
3280,10.344160950885358
3300,10.37517025317537
3320,10.36572249079688
3340,10.399144457094897
3360,10.384830894235904
3380,10.42157309903817
3400,10.40753696876454
3420,10.428577728060962
3440,10.420984500548625
3460,10.408132123485043
3480,10.419921521138203
3500,10.413797890226386
3520,10.427014782930684
3540,10.462877603590666
3560,10.411428971539596
3580,10.406004846096199
3600,10.415695245554433
3620,10.414445100801956
3640,10.430950502535545
3660,10.442151632786128
3680,10.469586437163453
3700,10.435251637602535
3720,10.403245143877655
3740,10.433718505477188
3760,10.42834435863157
3780,10.431200132360445
3800,10.465897546974542
3820,10.460622083844793
3840,10.491336731810136
3860,10.496056791960278
3880,10.456550522149218
3900,10.47892982263983
3920,10.435135507470457
3940,10.427780403531857
3960,10.468492229947701
3980,10.449815282575528
4000,10.448675247207795
4020,10.458174422824356
4040,10.458095672454785
4060,10.466436061148196
4080,10.47176740290347
4100,10.466118571075203
4120,10.465496279315142
4140,10.474072847257844
4160,10.49922811160373
4180,10.507354522662403
4200,10.467678995073602
4220,10.474674706501471
4240,10.51079796510619
4260,10.555807737176515
4280,10.523568207437323
4300,10.523644867993774
4320,10.544666264081144
4340,10.505714821069505
4360,10.538784842544747
4380,10.504877511158414
4400,10.467308502321584
4420,10.473799799220771
4440,10.480395969476122
4460,10.50574319458192
4480,10.539102109325826
4500,10.51810387837735
4520,10.5278550264141
4540,10.505774539033006
4560,10.536629766204209
4580,10.496995171716357
4600,10.500058053165455
4620,10.491036360520395
4640,10.491740057831304
4660,10.47249074666691
4680,10.484471046350826
4700,10.569021473107355
4720,10.542871444279733
4740,10.56349282410342
4760,10.571201008130565
4780,10.585990778196704
4800,10.58619413146775
4820,10.590408080603439
4840,10.599510169318876
4860,10.599913574488323
4880,10.56104882292174
4900,10.56832563654458
4920,10.53048725650401
4940,10.52250305651143
4960,10.564460512960256
4980,10.538382002301631
5000,10.542792826326592
5020,10.568618717384313
5040,10.562498784569652
5060,10.53457066138625
5080,10.548464185188028
5100,10.58101016460559
5120,10.58925393493746
5140,10.588488609212696
5160,10.587793008628354
5180,10.615861589711987
5200,10.592028916855094
5220,10.579242461880208
5240,10.568190888547381
5260,10.58287362273348
5280,10.607176173121195
5300,10.56594372083152
5320,10.621077685033946
5340,10.600287430110637
5360,10.600910251612
5380,10.594779232265136
5400,10.574096183971601
5420,10.63070650903768
5440,10.616819803518338
5460,10.593850756177403
5480,10.586832178522831
5500,10.608789299837994
5520,10.636594782183446
5540,10.62724576937988
5560,10.59572818193163
5580,10.596032701882017
5600,10.565353078347414
5620,10.62976631483356
5640,10.570412897115148
5660,10.590073151183393
5680,10.599833838892446
5700,10.583497274490636
5720,10.607578399293022
5740,10.640681805240336
5760,10.632458081060285
5780,10.657899804861483
5800,10.63050150263339
5820,10.648353494059686
5840,10.646777510786382
5860,10.619875915080193
5880,10.632104020413399
5900,10.637585857485698
5920,10.657844056189564
5940,10.660037188784035
5960,10.649628971504246
5980,10.649092713053811
6000,10.689605200301434
6020,10.685132710936625
6040,10.681959677034154
6060,10.661041848764711
6080,10.704493989525098
6100,10.677453828741541
6120,10.690201088522333
6140,10.700504744768576
6160,10.675766300265916
6180,10.686628888976074
6200,10.70041304378903
6220,10.702421808416451
6240,10.703805761953591
6260,10.713321060900704
6280,10.725978032696764
6300,10.725411750182424
6320,10.721634692568847
6340,10.679822834074216
6360,10.703755332053374
6380,10.716449797697138
6400,10.73416302055448
6420,10.706709319697861
6440,10.681563215935128
6460,10.721308438181236
6480,10.688086257197519
6500,10.71817546786244
6520,10.671263641979614
6540,10.680128122387757
6560,10.677590536424777
6580,10.676843712884423
6600,10.637439469550532
6620,10.66312610271142
6640,10.688602590224068
6660,10.68922936604638
6680,10.686357733607988
6700,10.682022956911194
6720,10.694308095184017
6740,10.686078290280753
6760,10.712622071860164
6780,10.676534440145314
6800,10.720048728526228
6820,10.670042974535233
6840,10.707828146697526
6860,10.695782408703037
6880,10.69389151708949
6900,10.707105973813224
6920,10.741271214827348
6940,10.720341001705247
6960,10.745194280600902
6980,10.699538758236159
7000,10.692563767893013
7020,10.694414265141592
7040,10.698301141850079
7060,10.728174559703433
7080,10.70384223858876
7100,10.70099000823837
7120,10.708551170968938
7140,10.725260142478728
7160,10.727162092422216
7180,10.752331604399917
7200,10.73660570758356
7220,10.75057395568888
7240,10.755329537042572
7260,10.74647533068025
7280,10.758335013674955
7300,10.747999684768303
7320,10.762466671408923
7340,10.74231658331766
7360,10.748121907413932
7380,10.747805973791671
7400,10.74797144539004
7420,10.78046232555766
7440,10.789949262731
7460,10.780159117755101
7480,10.789549446231
7500,10.795752156729705
7520,10.770329963554069
7540,10.755174202275192
7560,10.754250518731933
7580,10.789533881465792
7600,10.758864765415483
7620,10.760537061976606
7640,10.772820357753748
7660,10.763722976283063
7680,10.763808139163682
7700,10.775984741443098
7720,10.775763230106847
7740,10.76498202159193
7760,10.775291222857511
7780,10.786419043957897
7800,10.800967330513643
7820,10.79879262827368
7840,10.796137996190115
7860,10.7804379617704
7880,10.803166755903963
7900,10.774000263828494
7920,10.776897940864341
7940,10.766189875139833
7960,10.787873222317277
7980,10.783255713146078
8000,10.775444675438838
8020,10.830856679092253
8040,10.832078439850735
8060,10.820505261336049
8080,10.79337307943091
8100,10.817312615254819
8120,10.779156383845532
8140,10.806532951420294
8160,10.795886549143036
8180,10.798715685435383
8200,10.81404067930163
8220,10.79965109225947
8240,10.86109796037767
8260,10.85357206623241
8280,10.87159973618964
8300,10.860293893963437
8320,10.871312019159127
8340,10.837783983518225
8360,10.875968924108628
8380,10.87610756931208
8400,10.860660446179956
8420,10.834640688347662
8440,10.867284599296095
8460,10.873605568115668
8480,10.84463388913291
8500,10.829461431404106
8520,10.879116365078925
8540,10.869491369752183
8560,10.827763737914868
8580,10.850379999024959
8600,10.844063505748519
8620,10.845084254478024
8640,10.830040619868917
8660,10.825426745571065
8680,10.818528926071476
8700,10.874378461638678
8720,10.84897880652403
8740,10.878161720872619
8760,10.859048203167838
8780,10.884231518965391
8800,10.874707611604332
8820,10.893399410118075
8840,10.861852515589005
8860,10.862972344640752
8880,10.904491935272755
8900,10.910290292397978
8920,10.872309713093355
8940,10.91381848962839
8960,10.871692051133476
8980,10.82939565499406
9000,10.888699283292713
9020,10.85328381022104
9040,10.88750607248293
9060,10.877282270286416
9080,10.849333755998861
9100,10.84258617056814
9120,10.872979566757241
9140,10.879084602378828
9160,10.869991742590251
9180,10.902987814425675
9200,10.875770965663737
9220,10.859487783974476
9240,10.918493734630992
9260,10.89852581539845
9280,10.887074346602212
9300,10.906842049538694
9320,10.892981797350659
9340,10.897200781492494
9360,10.85573911366825
9380,10.87864195800356
9400,10.869286113811349
9420,10.865424617637736
9440,10.871547762605662
9460,10.888375715595348
9480,10.902443736793156
9500,10.893154520104313
9520,10.919057839476572
9540,10.923328559255266
9560,10.91271598996613
9580,10.91680115430498
9600,10.893531898682049
9620,10.904143842207398
9640,10.920181293501827
9660,10.913029239805578
9680,10.906593551767358
9700,10.904664362417106
9720,10.912554316267313
9740,10.932333178606012
9760,10.92029731573282
9780,10.93611580581975
9800,10.912808140524305
9820,10.914399054685116
9840,10.902538320443014
9860,10.924358333038775
9880,10.921400264941798
9900,10.91974643215171
9920,10.91991612877689
9940,10.88322393856636
9960,10.896552259955822
9980,10.91769106288032
10000,10.910270252033644
10020,10.902346926206523
10040,10.902249257309258
10060,10.901190984029942
10080,10.900531268549564
10100,10.938967557700025
10120,10.934136511858487
10140,10.946095504080802
10160,10.922546287878593
10180,10.931841137323989
10200,10.947921244073175
10220,10.911934171260857
10240,10.931896695391021
10260,10.92935506809157
10280,10.899715620048681
10300,10.916897660227496
10320,10.938201075064555
10340,10.947763878803052
10360,10.934821148343076
10380,10.995757600685646
10400,10.96557178230838
10420,10.98281533483874
10440,10.983373706901183
10460,10.949700400886352
10480,10.98280903438539
10500,10.962604857208717
10520,10.981603839144508
10540,10.971682390007018
10560,10.969951060225508
10580,10.949661272487052
10600,10.955993683411414
10620,10.95535610633884
10640,10.955190330046396
10660,10.95398884903204
10680,10.993264932351515
10700,10.93098761438064
10720,10.982642334524707
10740,10.9531468937871
10760,10.990941552403743
10780,11.002587282230564
10800,10.987745380476175
10820,10.973048867828727
10840,10.977558400801898
10860,10.998548813523634
10880,11.00576235222243
10900,11.007913866405051
10920,11.011509835374195
10940,11.013931319831366
10960,11.01857949763696
10980,11.032800373459267
11000,10.997970247502643
11020,11.030707707151505
11040,11.028306950184078
11060,11.022895133064685
11080,11.029671772058466
11100,11.006347776907798
11120,10.992003502883165
11140,10.999478803965841
11160,10.96735056195078
11180,10.964820688152958
11200,10.977929661936685
11220,10.992991851184435
11240,11.0091550070479
11260,10.995730333965362
11280,10.97123702703941
11300,10.968605011366606
11320,10.965479980213196
11340,10.98652010557409
11360,10.974893109514316
11380,11.015249885274645
11400,11.03320895067483
11420,11.032776953003768
11440,11.025535009664686
11460,11.071851578298919
11480,11.018966565027192
11500,11.036354844115792
11520,11.041141144059935
11540,11.02140234781787
11560,11.044207173472024
11580,11.053844253382254
11600,11.045226660443237
11620,11.039440457291143
11640,11.026501656023852
11660,11.002939099523413
11680,11.040368774731798
11700,11.02752080727802
11720,11.0299949744086
11740,11.054442627028909
11760,11.028233633359998
11780,11.045523642002067
11800,11.005882390044533
11820,11.038780897001658
11840,11.055478999341222
11860,11.071928568998183
11880,11.09346291729473
11900,11.076887598950673
11920,11.07135719274654
11940,11.047837833087469
11960,11.051035032459199
11980,11.073290876779103
12000,11.10771678270657
12020,11.091662517082844
12040,11.107178539802703
12060,11.095233219056272
12080,11.125686830218184
12100,11.08137273751268
12120,11.130311977360293
12140,11.102784141428877
12160,11.141658330237917
12180,11.104590149166793
12200,11.099753344587896
12220,11.093264803782453
12240,11.08357068954472
12260,11.067649638344061
12280,11.121934161238718
12300,11.115818156456044
12320,11.135180759506966
12340,11.123934539082335
12360,11.132477103401348
12380,11.109209018868642
12400,11.16327275749701
12420,11.160740899769642
12440,11.142768002177021
12460,11.137198788577956
12480,11.155662829541274
12500,11.15507788931389
12520,11.149268464676807
12540,11.140056595774482
12560,11.156888849548745
12580,11.160482281686718
12600,11.17755978073795
12620,11.15836741123183
12640,11.158387613697801
12660,11.14873284436538
12680,11.141158277170199
12700,11.12258426162774
12720,11.153908211038598
12740,11.106958268704023
12760,11.137701382841511
12780,11.163162408518279
12800,11.11785082280447
12820,11.131820480225846
12840,11.117474456512427
12860,11.165177057307865
12880,11.157261250026519
12900,11.173295251696155
12920,11.189459907912646
12940,11.19549594977251
12960,11.161491855096077
12980,11.168447785075536
13000,11.173178884653762
13020,11.169800018161794
13040,11.162399793540313
13060,11.167468379631096
13080,11.211248822684574
13100,11.169934299030103
13120,11.221609495072936
13140,11.209548247451345
13160,11.226399722005684
13180,11.251473296167173
13200,11.225128554477973
13220,11.210125112902531
13240,11.219279954479752
13260,11.196244905306742
13280,11.191184143612166
13300,11.195514121131323
13320,11.189490690126668
13340,11.195373991934627
13360,11.212595202238626
13380,11.235430976669196
13400,11.239820061848095
13420,11.245492080347292
13440,11.1933107447019
13460,11.24600328073958
13480,11.227899953327272
13500,11.225384337567323
13520,11.257203181618511
13540,11.209066417709238
13560,11.227291809623429
13580,11.212892370287536
13600,11.22332998819827
13620,11.186524735085143
13640,11.169873550590047
13660,11.21084703390742
13680,11.214588385365373
13700,11.21436013142853
13720,11.214700930136633
13740,11.2786237623299
13760,11.226630765366151
13780,11.204747521399229
13800,11.213367343483489
13820,11.22551868478622
13840,11.243578527610858
13860,11.214871262107767
13880,11.248817369096297
13900,11.203998958774221
13920,11.216112786495426
13940,11.252080929517215
13960,11.272291051544755
13980,11.258643928315188
14000,11.296057595795897
14020,11.267897510466277
14040,11.277213928349545
14060,11.288059101886027
14080,11.262691622812135
14100,11.281057910930828
14120,11.299007256004035
14140,11.275842083798526
14160,11.285812350366456
14180,11.313602201523786
14200,11.301116746797382
14220,11.315333059845868
14240,11.286518184632222
14260,11.297713471515983
14280,11.313308016277151
14300,11.332141881497146
14320,11.314901381490927
14340,11.341111604318167
14360,11.303455106779754
14380,11.289375643266832
14400,11.28129087095775
14420,11.276804117475788
14440,11.289953795148719
14460,11.299107445024287
14480,11.359430181401965
14500,11.33406172031954
14520,11.307393132307368
14540,11.305729476288654
14560,11.28501365927238
14580,11.319755585297521
14600,11.313455235317463
14620,11.287042756583563
14640,11.334671930741898
14660,11.330487928992977
14680,11.313956699484534
14700,11.295319124400976
14720,11.329073616912623
14740,11.308368410789416
14760,11.304697890842146
14780,11.335748732626275
14800,11.311121073815613
14820,11.310576009333065
14840,11.29651588545601
14860,11.321011105518512
14880,11.322244549011922
14900,11.33320233907561
14920,11.36210462091692
14940,11.37144900034486
14960,11.335131188910978
14980,11.35216777318728
15000,11.365417183759627
15020,11.371188007922296
15040,11.321030398184774
15060,11.32507881001732
15080,11.363730867964422
15100,11.329032773966546
15120,11.315838229049177
15140,11.361037364721316
15160,11.355717056412118
15180,11.369000183892986
15200,11.325299721813096
15220,11.351992351829342
15240,11.373483820657981
15260,11.429078731103747
15280,11.403286464252698
15300,11.417908370716836
15320,11.436635795693345
15340,11.398323127643389
15360,11.409886555805038
15380,11.407249908013082
15400,11.407775891757392
15420,11.402182383242454
15440,11.413952258744605
15460,11.434692970844946
15480,11.427570734757932
15500,11.41540556649393
15520,11.443506370042417
15540,11.461067341443746
15560,11.44474035144006
15580,11.43889837297854
15600,11.457460358695343
15620,11.440958868113649
15640,11.445002465303125
15660,11.447512285595408
15680,11.447747216514204
15700,11.43437382212285
15720,11.43191602362747
15740,11.451561583223
15760,11.423262228574663
15780,11.439438954821174
15800,11.42463964079555
15820,11.412399275816776
15840,11.43245365436615
15860,11.437348590709515
15880,11.441327562903467
15900,11.476599654503232
15920,11.439952088361618
15940,11.448115659518276
15960,11.44263450291609
15980,11.461080728220338
16000,11.424212891638476
16020,11.432844403867986
16040,11.4263725691325
16060,11.476680209603785
16080,11.436339428410186
16100,11.44074670602664
16120,11.42501592908873
16140,11.45489700079734
16160,11.457887783057394
16180,11.458796802290268
16200,11.481363156216911
16220,11.459984488082924
16240,11.470775517525048
16260,11.485026557281255
16280,11.453758268966258
16300,11.489231776830259
16320,11.519449333459608
16340,11.490260282950373
16360,11.477697685320424
16380,11.475764791302844
16400,11.490340958271517
16420,11.497993452155562
16440,11.50441741648859
16460,11.536842806623477
16480,11.512887185320329
16500,11.509519696594637
16520,11.53275371639337
16540,11.510445817632883
16560,11.528502157713472
16580,11.497188432814259
16600,11.501539449884197
16620,11.52370732395725
16640,11.545853925360705
16660,11.529938779231298
16680,11.563018294145968
16700,11.554990204325037
16720,11.571685628751155
16740,11.581614907310115
16760,11.527752149664522
16780,11.532764483593098
16800,11.550177682270858
16820,11.581777243857118
16840,11.549566406020105
16860,11.553539574943109
16880,11.580738878297847
16900,11.549887481583452
16920,11.57075414608861
16940,11.55954995344127
16960,11.587252479544569
16980,11.58712646324716
17000,11.584158811888448
17020,11.567198429901
17040,11.563410619885623
17060,11.584903226557143
17080,11.582176260849229
17100,11.61973456197492
17120,11.590651508052556
17140,11.614123090113445
17160,11.647623676517055
17180,11.646994318433553
17200,11.612957916421124
17220,11.617063324126287
17240,11.624450132880968
17260,11.643713994016712
17280,11.624919152388635
17300,11.609043589724942
17320,11.606058113379738
17340,11.605324358891362
17360,11.602198905922414
17380,11.592226461096583
17400,11.575537873849447
17420,11.588441407275802
17440,11.607755508824507
17460,11.627089344120478
17480,11.61009944660324
17500,11.612587929821968
17520,11.583553458206865
17540,11.578836529189967
17560,11.594249512965707
17580,11.599405874536725
17600,11.616028904943452
17620,11.60644843811409
17640,11.56317815384913
17660,11.588868830954427
17680,11.623691025664934
17700,11.588179009911812
17720,11.62980673453544
17740,11.611962526915448
17760,11.612505990792439
17780,11.599865546091849
17800,11.61966855696718
17820,11.580906238964795
17840,11.615969105475004
17860,11.64346999510562
17880,11.640430516218151
17900,11.699091099910548
17920,11.70808355846875
17940,11.690421907143893
17960,11.678120728417158
17980,11.684429999492744
18000,11.698278191949338
18020,11.689811032273134
18040,11.673308215129822
18060,11.667059943687756
18080,11.71428163963212
18100,11.711931611378798
18120,11.69988192042296
18140,11.672632602317503
18160,11.706124259864984
18180,11.696040008163958
18200,11.723482159169922
18220,11.728984797811652
18240,11.720346054100709
18260,11.697532449752945
18280,11.732740455080124
18300,11.68710619123776
18320,11.688431139892682
18340,11.739060508858085
18360,11.749865581942156
18380,11.76604842023553
18400,11.754761571055074
18420,11.784958656111126
18440,11.78322230634938
18460,11.818401206544781
18480,11.799138548747418
18500,11.782851972951004
18520,11.775574887205597
18540,11.78735639051221
18560,11.783920220969216
18580,11.811873286697388
18600,11.782937311339108
18620,11.785039950763103
18640,11.760359743313439
18660,11.797617255676828
18680,11.781744709720504
18700,11.768422258057482
18720,11.770528561820964
18740,11.81371208074517
18760,11.782745163999943
18780,11.80147375837527
18800,11.780346298895342
18820,11.78948408461677
18840,11.82320700114649
18860,11.83052766112882
18880,11.842935252503615
18900,11.806670346687206
18920,11.792783601129738
18940,11.829577919189413
18960,11.839209342154476
18980,11.832220237188078
19000,11.84219034910366
19020,11.839688792662603
19040,11.817588780128006
19060,11.85683319862406
19080,11.878881483251988
19100,11.881274105896651
19120,11.869350112131752
19140,11.854409982246313
19160,11.85416112290627
19180,11.885714693164646
19200,11.86555915441644
19220,11.855862736554764
19240,11.888557680850623
19260,11.911339817284246
19280,11.920461171568254
19300,11.902826644854787
19320,11.90391680068724
19340,11.896295004453242
19360,11.913794114412909
19380,11.883257717856935
19400,11.895762245488584
19420,11.92178550367084
19440,11.871907947443335
19460,11.895385744817924
19480,11.866155656001192
19500,11.90098004397013
19520,11.907289931734486
19540,11.934066263845121
19560,11.934171125503669
19580,11.921249867243974
19600,11.90927234110796
19620,11.924222751729477
19640,11.911412406330612
19660,11.931472609108045
19680,11.934384253181532
19700,11.928536285283734
19720,11.910079891144381
19740,11.91189059293766
19760,11.913200264092872
19780,11.946678544836818
19800,11.958026526828455
19820,11.920705020939518
19840,11.92294463334225
19860,11.949036591211009
19880,11.937750520013541
19900,11.931499972573334
19920,11.940705078680065
19940,11.921383096571894
19960,11.913091107595944
19980,11.967284935707598
20000,11.93187388421282
20020,11.950781533507154
20040,11.995128021199985
20060,11.963922775399464
20080,12.007539539894328
20100,12.00119146111654
20120,12.0262630608266
20140,12.01353320920241
20160,12.009358300734712
20180,11.996267439677068
20200,11.985927318402936
20220,11.997630640931451
20240,12.001634933445967
20260,11.978723164426516
20280,11.974010234946391
20300,12.006132422312845
20320,12.024335146790616
20340,12.044792939846378
20360,12.04191566502023
20380,12.029349463126895
20400,12.003091577723797
20420,12.014607564881086
20440,12.067449727935198
20460,12.045984258612574
20480,12.050911940330996
20500,12.05564416542476
20520,12.040151096615679
20540,12.068850021954642
20560,12.032516407281932
20580,12.054782715306846
20600,12.050388824017482
20620,12.016397313958745
20640,12.033316396179185
20660,12.051621240516932
20680,12.022298104554764
20700,12.0513333879506
20720,12.006020533876885
20740,12.058706616475042
20760,12.0605452136342
20780,12.06102685006778
20800,12.07155806808175
20820,12.11314104487559
20840,12.073725682217514
20860,12.12502949401755
20880,12.071520247566124
20900,12.100295468947618
20920,12.091581747036027
20940,12.115189791535855
20960,12.155338577826399
20980,12.115416726535667
21000,12.111556698653073
21020,12.137776477144925
21040,12.13762159854058
21060,12.112895879686242
21080,12.100869867058353
21100,12.151343957791113
21120,12.117325048077667
21140,12.171187816719836
21160,12.144964315924355
21180,12.154062966052368
21200,12.125017901393495
21220,12.135575150929895
21240,12.132830642592438
21260,12.148965025219907
21280,12.10833025119125
21300,12.095136370309984
21320,12.138489840821691
21340,12.143460596995515
21360,12.130384679917519
21380,12.11900925108128
21400,12.104282574321974
21420,12.128204971570156
21440,12.147685488863205
21460,12.149180608556051
21480,12.143293369058146
21500,12.123849245311462
21520,12.161272375405137
21540,12.193804117916166
21560,12.186475331830444
21580,12.154586418406765
21600,12.19412413252222
21620,12.201561512691775
21640,12.153681141306578
21660,12.19191484552764
21680,12.180395232423596
21700,12.212258397148101
21720,12.223103340708974
21740,12.212349748261929
21760,12.19401623804965
21780,12.2083640730134
21800,12.225863299246146
21820,12.199930798736528
21840,12.239404244692746
21860,12.232784739507174
21880,12.265659270581518
21900,12.282153949142224
21920,12.28338042255681
21940,12.271813344069203
21960,12.270612500697837
21980,12.275610110799384
22000,12.256262993284741
22020,12.225645575235777
22040,12.207867784672054
22060,12.208277134324401
22080,12.198053856829702
22100,12.201520125859947
22120,12.22819726611577
22140,12.21663445965331
22160,12.253534630806579
22180,12.284543113142256
22200,12.28643053701002
22220,12.240776442999687
22240,12.260027762882466
22260,12.250229442009797
22280,12.269889201452383
22300,12.303088411756361
22320,12.247950529469966
22340,12.27376153231544
22360,12.281475291617902
22380,12.29544902737206
22400,12.29458085138186
22420,12.292288082989
22440,12.25472007319259
22460,12.236068569361864
22480,12.296863501379372
22500,12.241754006902111
22520,12.275110400402026
22540,12.25351200062488
22560,12.296434134633573
22580,12.310701179063763
22600,12.289538622140984
22620,12.307872641997493
22640,12.327611617400883
22660,12.36631003362942
22680,12.319688567426802
22700,12.31117945200944
22720,12.320852971964621
22740,12.331622570981889
22760,12.311027559357836
22780,12.344106569843685
22800,12.349520089796854
22820,12.335679245501307
22840,12.308581316258724
22860,12.358413923613195
22880,12.384510621638224
22900,12.392296385788082
22920,12.348886235838078
22940,12.314505028612073
22960,12.358545407146945
22980,12.348778902100893
23000,12.355073239930913
23020,12.353562665732799
23040,12.335277508704658
23060,12.379659248131986
23080,12.344478017983747
23100,12.350321319741859
23120,12.392823176853984
23140,12.357603223584
23160,12.392077440685885
23180,12.312833393753602
23200,12.32658651923316
23220,12.356316915956535
23240,12.346293834455727
23260,12.360094039179337
23280,12.378323333699502
23300,12.319494415057125
23320,12.34368853934114
23340,12.394498770054327
23360,12.356927060874108
23380,12.371597609420466
23400,12.350306106428906
23420,12.383822590263941
23440,12.368703228063723
23460,12.40691280207771
23480,12.412152177578763
23500,12.415345741017308
23520,12.375617948072303
23540,12.356277033415548
23560,12.41510171840774
23580,12.374004038950863
23600,12.425634818282479
23620,12.395151053786353
23640,12.412238919569003
23660,12.396221764189125
23680,12.415860529906904
23700,12.39956075891202
23720,12.404326816198234
23740,12.420766641235776
23760,12.416375805076886
23780,12.417335827907863
23800,12.37809397303898
23820,12.41786096961183
23840,12.409636109282207
23860,12.397482270252718
23880,12.438249432836507
23900,12.450400756365696
23920,12.454585921933864
23940,12.487603517082494
23960,12.469221240065988
23980,12.437637725476204
24000,12.483697311976783
24020,12.511755870726322
24040,12.507879408415292
24060,12.496399942950141
24080,12.5020891161614
24100,12.492079950102397
24120,12.48773192238928
24140,12.488719808180027
24160,12.478991759742815
24180,12.525788920905299
24200,12.479998615259905
24220,12.513479197028754
24240,12.444943345737006
24260,12.473183132097034
24280,12.505601751520803
24300,12.498594263498223
24320,12.483910309000347
24340,12.495502567579834
24360,12.538031786069316
24380,12.555588466688938
24400,12.534818073810765
24420,12.5472081674802
24440,12.553220570335254
24460,12.519921651374464
24480,12.55341419819566
24500,12.582758982420671
24520,12.580711093026338
24540,12.530364495913211
24560,12.55397814978082
24580,12.54539865799018
24600,12.558389486175757
24620,12.547136556742082
24640,12.581906416610986
24660,12.569399226910079
24680,12.573214795026328
24700,12.582715029313945
24720,12.61273689172138
24740,12.595481172640518
24760,12.595104582788766
24780,12.576525077267554
24800,12.607333194565904
24820,12.596513965945997
24840,12.588447897331626
24860,12.606180054145304
24880,12.604348321123659
24900,12.605423839367658
24920,12.599796515088867
24940,12.611889497325908
24960,12.600054456960013
24980,12.63577991898315
25000,12.591244430723506
25020,12.6038348221666
25040,12.591730421994285
25060,12.636514668795652
25080,12.58073129284434
25100,12.608302369168555
25120,12.59656655336219
25140,12.584028757358535
25160,12.629574144591242
25180,12.639073119946094
25200,12.621787148799562
25220,12.675241062283163
25240,12.68943497229401
25260,12.664276401066555
25280,12.674572530419372
25300,12.667188375642748
25320,12.639886202537882
25340,12.67049734076576
25360,12.673266558660362
25380,12.695475534606844
25400,12.690126354056272
25420,12.711493652494063
25440,12.689595630859639
25460,12.64898604931873
25480,12.657882882584973
25500,12.696933864822796
25520,12.681588287862809
25540,12.691216944400136
25560,12.674972234060824
25580,12.705363560151065
25600,12.736095512874188
25620,12.709015494593288
25640,12.672812936132726
25660,12.686731519883391
25680,12.665521319174317
25700,12.678031611925515
25720,12.674080642778257
25740,12.700213873725192
25760,12.706862270379487
25780,12.706190518957097
25800,12.678938027605762
25820,12.690987443728316
25840,12.696694230766358
25860,12.709524411751353
25880,12.720294198739287
25900,12.74849663168471
25920,12.755275238086224
25940,12.717440765678186
25960,12.771032114046287
25980,12.738733336349252
26000,12.743602575803536
26020,12.725234683587551
26040,12.76215750348976
26060,12.742978273843875
26080,12.756031678694207
26100,12.73540424946415
26120,12.735536185388064
26140,12.747930529314175
26160,12.691547064836223
26180,12.739456651298802
26200,12.72551691377241
26220,12.746027924020858
26240,12.744865079405498
26260,12.780371912032207
26280,12.767077662561856
26300,12.795398048933311
26320,12.786717121509717
26340,12.802963081255998
26360,12.831299733451093
26380,12.778839830559571
26400,12.800315978552321
26420,12.868141271336016
26440,12.86030032896296
26460,12.834660475625647
26480,12.818534608630713
26500,12.78273320528765
26520,12.81838295297693
26540,12.805892650308174
26560,12.809905285652192
26580,12.843061456275311
26600,12.791297096561685
26620,12.86180275759032
26640,12.808064568091401
26660,12.842013016921221
26680,12.83825769401231
26700,12.856940458324562
26720,12.870895833633657
26740,12.898767338390982
26760,12.840438857425388
26780,12.831365856548349
26800,12.834568668222582
26820,12.841246287915522
26840,12.850675276201608
26860,12.844005508339029
26880,12.858465033816918
26900,12.854514775610273
26920,12.848589200520166
26940,12.831618082735984
26960,12.879573947170478
26980,12.834561235511277
27000,12.883430683097092
27020,12.855464456552939
27040,12.886292060412874
27060,12.93644129214698
27080,12.916297777062685
27100,12.914140203240787
27120,12.926218720893758
27140,12.906173884685355
27160,12.886676304126926
27180,12.907773820679187
27200,12.934110910816253
27220,12.957706891939438
27240,12.888806838659193
27260,12.949953076228642
27280,12.930612673186488
27300,12.903775074440809
27320,12.89837060567568
27340,12.909951526540606
27360,12.935616723259692
27380,12.92122469335545
27400,12.914143990236509
27420,12.912038873714966
27440,12.890131192602425
27460,12.929703272530308
27480,12.952382777644022
27500,12.9497721293349
27520,12.940420480444264
27540,12.957322345713791
27560,12.961088781626941
27580,12.954312328946632
27600,12.992608920916794
27620,12.961100109587
27640,12.99612961051374
27660,13.004055390835035
27680,13.05846268148847
27700,13.028311110246252
27720,13.020746183067411
27740,13.00835581115506
27760,13.003849539031158
27780,13.07340685873402
27800,13.026646679414652
27820,12.987320265142703
27840,13.008712867094225
27860,13.027326221915885
27880,13.024284430216774
27900,13.048336490408166
27920,13.029984943426356
27940,13.031123476873045
27960,13.02174907345665
27980,13.053547561958236
28000,13.022924091048626
28020,13.047038971515645
28040,13.037504566137706
28060,13.079922460968568
28080,13.042515165664042
28100,13.078918359045336
28120,13.031252154280939
28140,13.089520211714536
28160,13.068674235640621
28180,13.07332866960741
28200,13.041498824764638
28220,13.048802313472844
28240,13.038724385831888
28260,13.079853411691458
28280,13.106376378336567
28300,13.072513921131044
28320,13.137404486039049
28340,13.108769330608915
28360,13.103473560565988
28380,13.114956841121433
28400,13.104385911623046
28420,13.102347644840219
28440,13.161305210645294
28460,13.181009017177743
28480,13.105694484273377
28500,13.137708886609508
28520,13.145067781410965
28540,13.148275107603771
28560,13.13427427870293
28580,13.156224371580102
28600,13.158392298607584
28620,13.140420650008899
28640,13.139377858356506
28660,13.140459158455677
28680,13.170092094071313
28700,13.189042597353673
28720,13.130968183138172
28740,13.159256623651448
28760,13.139499523371995
28780,13.159757513966333
28800,13.15345314140763
28820,13.154133938192277
28840,13.200526251880184
28860,13.198352217643123
28880,13.210581818620046
28900,13.206632799718935
28920,13.20236546526511
28940,13.230771287700694
28960,13.271880441741645
28980,13.226703229494301
29000,13.190455240893202
29020,13.204373972224472
29040,13.208122742372694
29060,13.239715455335055
29080,13.212364356039567
29100,13.211587963319893
29120,13.173926258870669
29140,13.188142061478052
29160,13.235601928078122
29180,13.227589137203037
29200,13.199700002143963
29220,13.206800154697623
29240,13.192097269733642
29260,13.178074837448786
29280,13.19628675670964
29300,13.197248348166422
29320,13.233662646109138
29340,13.217738282764316
29360,13.226954437447876
29380,13.243522302338077
29400,13.244189241804028
29420,13.255169838331646
29440,13.222493796664109
29460,13.225130379749224
29480,13.269024533816024
29500,13.30570868341653
29520,13.316515505197113
29540,13.311846706438878
29560,13.317470151627225
29580,13.362046657500859
29600,13.308037248686748
29620,13.338280616488014
29640,13.32307939659427
29660,13.323697499086867
29680,13.341496814988878
29700,13.363858426710323
29720,13.359566530106857
29740,13.339788975341321
29760,13.361619350978517
29780,13.369141862583042
29800,13.344182216539526
29820,13.348116773559962
29840,13.340296730934156
29860,13.355754494355224
29880,13.391915377282643
29900,13.346484844603655
29920,13.342864426923796
29940,13.33831677656788
29960,13.374062275631765
29980,13.415139621555248
30000,13.424826791567025
30020,13.37390668925402
30040,13.392944384617898
30060,13.404054349150432
30080,13.405992062803831
30100,13.415828666975923
30120,13.432817738442003
30140,13.43301611023179
30160,13.440712592858569
30180,13.408231510926846
30200,13.461941695676057
30220,13.44934955131088
30240,13.480384998124487
30260,13.503094064631522
30280,13.46396753311075
30300,13.504339061390349
30320,13.502644085919218
30340,13.490742258486517
30360,13.464067636418172
30380,13.46540465025139
30400,13.490700594635037
30420,13.473054971289983
30440,13.476831673869457
30460,13.54158048648129
30480,13.494199879227217
30500,13.483409118035445
30520,13.491169200870942
30540,13.509606137175084
30560,13.499583968968285
30580,13.510838930495906
30600,13.504264899869593
30620,13.512129201684651
30640,13.535045575078016
30660,13.560533226968104
30680,13.52324955752653
30700,13.55186611306572
30720,13.556813182618818
30740,13.525201201248064
30760,13.548532296487481
30780,13.587549000324984
30800,13.573251624441035
30820,13.5787392514354
30840,13.549495492720148
30860,13.589400200642043
30880,13.550398093703862
30900,13.545760426457779
30920,13.523293408659935
30940,13.505271380122561
30960,13.525131383897943
30980,13.52209034771477
31000,13.567787715762334
31020,13.553744735408982
31040,13.58832156094033
31060,13.622548886998748
31080,13.57908648921474
31100,13.568465557034518
31120,13.599002042837157
31140,13.62001038537062
31160,13.609305711303755
31180,13.639238125451516
31200,13.594613873417622
31220,13.60909970900903
31240,13.605782746977376
31260,13.61238861320313
31280,13.613170803299365
31300,13.6495258132727
31320,13.614877100991855
31340,13.619219172615729
31360,13.613841323793869
31380,13.593116573829883
31400,13.597541861863771
31420,13.610173868323198
31440,13.605935271490106
31460,13.627299498407776
31480,13.61482318462825
31500,13.617421638104645
31520,13.621449087224466
31540,13.66319036812213
31560,13.668243887451808
31580,13.671255178570517
31600,13.667854232402881
31620,13.703317409321112
31640,13.66503435026614
31660,13.658913888241436
31680,13.657441753629412
31700,13.68013492894963
31720,13.695579599291175
31740,13.704440454137385
31760,13.691282430334493
31780,13.701849786446576
31800,13.709060891639847
31820,13.745111164536134
31840,13.760778999851247
31860,13.720415692010327
31880,13.742441028243995
31900,13.716365645779327
31920,13.735981669697253
31940,13.74351208902021
31960,13.722580853555407
31980,13.708785686487811
32000,13.732921455943035
32020,13.727829763842891
32040,13.732815301163267
32060,13.719756837675366
32080,13.709297988391391
32100,13.741823489001655
32120,13.690502211499696
32140,13.741281484684272
32160,13.746436066910775
32180,13.765377654032571
32200,13.700682721987578
32220,13.714090413529405
32240,13.714871228353134
32260,13.735336499856782
32280,13.718376968982337
32300,13.74948136307594
32320,13.781561210062376
32340,13.787267281759283
32360,13.773879150741745
32380,13.772936039360456
32400,13.742083829029365
32420,13.764365575767133
32440,13.795063519552073
32460,13.76274680164612
32480,13.806968911582903
32500,13.796782966484248
32520,13.794785584539522
32540,13.775453692875708
32560,13.821407252339744
32580,13.796976927654686
32600,13.816164399324004
32620,13.836562581827259
32640,13.798715960272165
32660,13.83886337181422
32680,13.857278940642708
32700,13.835197416010622
32720,13.808532414390143
32740,13.827039187920938
32760,13.867735584049562
32780,13.867224034027508
32800,13.849001910327505
32820,13.853889742579977
32840,13.857549479267163
32860,13.810787334526237
32880,13.855613511724819
32900,13.838422604098378
32920,13.857679233186495
32940,13.8657651532919
32960,13.862979273501045
32980,13.86570664885598
33000,13.85047557953621
33020,13.867005785423041
33040,13.852616179262364
33060,13.897410156193036
33080,13.888237923785255
33100,13.890150239945697
33120,13.87112822784869
33140,13.917421514801806
33160,13.882346014884636
33180,13.894051568404521
33200,13.908214411263302
33220,13.923092137753134
33240,13.926292991229392
33260,13.944776928594505
33280,13.950614576539351
33300,13.937744815107033
33320,13.935368251577412
33340,13.90803768012212
33360,13.957289855357718
33380,13.923099160061717
33400,13.903114350968789
33420,13.899710263468874
33440,13.90523709084053
33460,13.887924538337497
33480,13.891772213546897
33500,13.926300954007989
33520,13.924375001238205
33540,13.904231090359824
33560,13.924479785900308
33580,13.943358229854514
33600,13.941478320861005
33620,13.919795631334008
33640,13.91515662194902
33660,13.93154854072327
33680,13.985858117970881
33700,13.966715058409072
33720,13.949744049699845
33740,13.950000416156612
33760,13.924223167992324
33780,13.972975766843557
33800,13.95874973781282
33820,13.973615805400447
33840,13.951309840021942
33860,13.995946326384399
33880,13.969621805055631
33900,13.988610492116528
33920,14.00833521286556
33940,14.041190454823193
33960,14.024743313816932
33980,14.024701916973534
34000,13.988547216362134
34020,13.980777624713394
34040,13.994920067268776
34060,14.010432109532918
34080,13.970362752321096
34100,14.00257942053993
34120,14.008592831156534
34140,14.004784579454402
34160,13.993036237747383
34180,14.035874292660992
34200,14.040444020404045
34220,14.025763457606196
34240,14.061397820462965
34260,14.02815302294433
34280,14.000986635904747
34300,14.061406989663508
34320,14.05108781096462
34340,14.024247571660084
34360,14.081449955696375
34380,14.076172390772594
34400,14.058906706823382
34420,14.085719301071912
34440,14.073522065257603
34460,14.095448338480622
34480,14.07121719375544
34500,14.080255332671092
34520,14.049516420635204
34540,14.055603672880851
34560,14.06476463292545
34580,14.100888879182126
34600,14.05231007441771
34620,14.082598655797753
34640,14.155074112164503
34660,14.112517185821709
34680,14.095697481645082
34700,14.085353380791485
34720,14.133891876929813
34740,14.097078362089059
34760,14.082791638082305
34780,14.057903749038429
34800,14.056274278216097
34820,14.081827219116319
34840,14.098132841088582
34860,14.152903175441338
34880,14.127929024718973
34900,14.110270583058494
34920,14.11199671524151
34940,14.137917772239202
34960,14.149607925314237
34980,14.111126239557603
35000,14.12492177557684
35020,14.122066127348344
35040,14.16196583646099
35060,14.10968664720617
35080,14.140351266030759
35100,14.182210595256475
35120,14.169703348276345
35140,14.171577303618935
35160,14.171091070765407
35180,14.20297716249071
35200,14.207425886698664
35220,14.178922897956415
35240,14.150876809549535
35260,14.160593946732808
35280,14.1606996600005
35300,14.193354635258371
35320,14.160802501290977
35340,14.149608910851965
35360,14.167125468349312
35380,14.172206714602915
35400,14.211311363114419
35420,14.218899420347357
35440,14.218853607948166
35460,14.210765658752344
35480,14.222832642166392
35500,14.200964675669047
35520,14.24212239192019
35540,14.235574341617243
35560,14.22383073239591
35580,14.245527107128186
35600,14.241017614870914
35620,14.229055713272185
35640,14.188144526843093
35660,14.2179713193447
35680,14.257156433146623
35700,14.242722115613407
35720,14.273728776937018
35740,14.243346633899028
35760,14.280872969293693
35780,14.235961187995596
35800,14.262164443897698
35820,14.28250946770736
35840,14.26461916777388
35860,14.247642746761505
35880,14.241426014030981
35900,14.29342954118705
35920,14.23658086365543
35940,14.24775874410158
35960,14.249632831418282
35980,14.259488282903744
36000,14.275543740802187
36020,14.276817472462808
36040,14.29500177515585
36060,14.264097386453521
36080,14.285128330608574
36100,14.281042568016412
36120,14.346265281170556
36140,14.284572688667172
36160,14.296207604175187
36180,14.283799898958588
36200,14.295230704167423
36220,14.260039467361118
36240,14.263695456117915
36260,14.293525518864808
36280,14.334795307541018
36300,14.331037466576976
36320,14.355641367353527
36340,14.334756698642217
36360,14.366256184035102
36380,14.350794269927317
36400,14.333420195999288
36420,14.335576432227853
36440,14.335155589422424
36460,14.337959584193559
36480,14.373064875110085
36500,14.349995731804999
36520,14.356301384291665
36540,14.352097898833104
36560,14.408294026545114
36580,14.402126071546483
36600,14.377026974421188
36620,14.437768203346263
36640,14.42642572608015
36660,14.41252037705443
36680,14.37764209349442
36700,14.367576802658737
36720,14.399993055616203
36740,14.43166266166287
36760,14.381917732480805
36780,14.43054651364541
36800,14.401800131799867
36820,14.387892240461749
36840,14.384194685953469
36860,14.403518348468237
36880,14.427271136783443
36900,14.430641787522195
36920,14.396050408583113
36940,14.457162521567684
36960,14.409253096255085
36980,14.41243769065797
37000,14.45916241916747
37020,14.403467140464272
37040,14.419702183424324
37060,14.435486414007629
37080,14.455315136058314
37100,14.427032606500546
37120,14.440367501178516
37140,14.412796145762993
37160,14.452400146309783
37180,14.390603739368583
37200,14.486638297958947
37220,14.49207975243404
37240,14.45798618271506
37260,14.495733159287779
37280,14.476883730824806
37300,14.48147559076251
37320,14.490968988692615
37340,14.47070218265781
37360,14.533295537942589
37380,14.481676141763426
37400,14.459340421477538
37420,14.476471558621046
37440,14.49555151387707
37460,14.454417495430796
37480,14.522088454219654
37500,14.456679741814007
37520,14.496514815089744
37540,14.498210281507738
37560,14.552323976881604
37580,14.494529056550228
37600,14.498740635920464
37620,14.518463385987861
37640,14.500251212543901
37660,14.508018042265306
37680,14.541158136847454
37700,14.559407146759828
37720,14.552715955560087
37740,14.533706688138318
37760,14.5280616483895
37780,14.542519514780462
37800,14.540945379619693
37820,14.526881897450473
37840,14.54195268034723
37860,14.555466224233514
37880,14.536227243802067
37900,14.546729383739684
37920,14.522775526547399
37940,14.539878619102936
37960,14.570657519649476
37980,14.572470200333301
38000,14.611460253822731
38020,14.57704939653687
38040,14.584062571551426
38060,14.581826569826829
38080,14.58743723167671
38100,14.605520561057347
38120,14.5889165687605
38140,14.563997383467518
38160,14.58491149361447
38180,14.60681399755618
38200,14.59882714452316
38220,14.595936953002257
38240,14.598430354554928
38260,14.646756995458816
38280,14.600742929856054
38300,14.61490555511368
38320,14.630004932444802
38340,14.676599740521766
38360,14.666868138183807
38380,14.63001480128449
38400,14.655348683190095
38420,14.7173993676879
38440,14.660755090760851
38460,14.672308365784026
38480,14.659193328813044
38500,14.659258202885729
38520,14.647460346996588
38540,14.639529647536012
38560,14.638322590438175
38580,14.655069685269787
38600,14.65294916995341
38620,14.651589356023926
38640,14.680211079716859
38660,14.73291506642808
38680,14.738148682764198
38700,14.70645340880648
38720,14.727977489736224
38740,14.73346509753856
38760,14.68362854311185
38780,14.680380802717902
38800,14.729433957812983
38820,14.67852533898831
38840,14.698658565362704
38860,14.696734416269301
38880,14.714089707635372
38900,14.710746764947075
38920,14.690306585442052
38940,14.704971436794722
38960,14.69166951244607
38980,14.673105310897348
39000,14.697488383755962
39020,14.686083583177673
39040,14.712562101108489
39060,14.715302885690049
39080,14.688973401605544
39100,14.69618710236512
39120,14.682832392978927
39140,14.709830643961588
39160,14.71612488906522
39180,14.714859549901151
39200,14.694669133197362
39220,14.699460919714816
39240,14.749885484963727
39260,14.70642916060961
39280,14.701842941239176
39300,14.733000738228606
39320,14.733896064818108
39340,14.732710160706599
39360,14.737794499299916
39380,14.723949082600077
39400,14.699333420661175
39420,14.741795636741276
39440,14.751341903188479
39460,14.771852658296396
39480,14.825681148064424
39500,14.81369856591962
39520,14.785110679522852
39540,14.75576480553525
39560,14.767147381487755
39580,14.81192159934061
39600,14.795192461232176
39620,14.77204118021481
39640,14.789895874600276
39660,14.812538238702766
39680,14.802405997204552
39700,14.85562359728986
39720,14.799122107388794
39740,14.860227509010006
39760,14.83726430844607
39780,14.819346318295828
39800,14.84532256359513
39820,14.858537767984398
39840,14.867955906109064
39860,14.868794279360069
39880,14.824327246851478
39900,14.855659805896966
39920,14.813641316881025
39940,14.820840299770465
39960,14.818524051760615
39980,14.831446590200677
40000,14.838832764844708
40020,14.898682848307875
40040,14.82864523599706
40060,14.873544219331269
40080,14.876003334919883
40100,14.885679609588953
40120,14.863949794691074
40140,14.863850366373331
40160,14.87967434698534
40180,14.875218468676142
40200,14.859127601618262
40220,14.858103966598392
40240,14.889066787862198
40260,14.883245017773046
40280,14.896977791994537
40300,14.905938188004091
40320,14.93359743189554
40340,14.914612660036848
40360,14.943130798956041
40380,14.885275497066981
40400,14.851249732767162
40420,14.999553902555366
40440,14.891366972768594
40460,14.901340436896845
40480,14.920921200943784
40500,14.89256646128592
40520,14.905283683841994
40540,14.887889940331952
40560,14.906297194223814
40580,14.932760394151451
40600,14.923303482275713
40620,14.944797935652698
40640,14.95240133049855
40660,14.940100974912607
40680,14.941566385446496
40700,14.94618475580757
40720,14.92708344053627
40740,14.919691753857059
40760,14.929328181825067
40780,14.90269685278284
40800,14.948356256753376
40820,14.925088472509389
40840,14.911411694606576
40860,14.959664794916359
40880,14.963796385023391
40900,14.968055730446977
40920,14.948754119217952
40940,14.948929675369694
40960,14.93390622833671
40980,14.908359546919124
41000,14.967250470139563
41020,14.962014676621163
41040,14.957972456482725
41060,14.993424729179685
41080,14.929978238053696
41100,14.97686238144387
41120,15.006480047108251
41140,14.959999714340412
41160,14.96774190832758
41180,14.944177358724001
41200,15.026088376107099
41220,14.969766359277008
41240,14.982672608170983
41260,14.979590157064031
41280,15.00477050879482
41300,15.001486050906287
41320,14.952741845892037
41340,14.989137691285993
41360,14.999280630967437
41380,14.977314721596176
41400,15.021461746150905
41420,14.967781128435231
41440,14.996934821895675
41460,15.01137197143128
41480,15.018653502532601
41500,15.01791214015936
41520,14.997662723030434
41540,15.039243389913121
41560,14.983026760586782
41580,15.019688831503927
41600,15.023844989398148
41620,15.025930565554454
41640,14.995161776658232
41660,15.02345036120354
41680,15.013014373871263
41700,15.05924912736208
41720,15.035853233317336
41740,15.064268760339457
41760,15.03661084822446
41780,15.062462395079635
41800,15.050789181512146
41820,15.060065253502138
41840,15.041297805066822
41860,15.059783211736308
41880,15.082509052404866
41900,15.062680219920967
41920,15.073712656758929
41940,15.086923152323173
41960,15.036893059136512
41980,15.07664832933064
42000,15.074844915081751
42020,15.023300451515635
42040,15.101038835302415
42060,15.09130735991392
42080,15.102572350650721
42100,15.071227645654162
42120,15.09875136948521
42140,15.074583307515386
42160,15.066830613548223
42180,15.094630560474554
42200,15.130800450800455
42220,15.094881786138174
42240,15.085517560810809
42260,15.06326219035326
42280,15.102020538873507
42300,15.092843747970317
42320,15.06804552680287
42340,15.08058744766958
42360,15.099452410446021
42380,15.08071477864793
42400,15.081717093956883
42420,15.121955233875351
42440,15.101125028949127
42460,15.066830541565256
42480,15.0741330623436
42500,15.072483446306947
42520,15.118946171260388
42540,15.088763015251653
42560,15.110032667344647
42580,15.136153867244794
42600,15.132491834130478
42620,15.132495697773575
42640,15.108497516916795
42660,15.127960920648155
42680,15.099206042532153
42700,15.144750615023307
42720,15.13679420474605
42740,15.130253782118757
42760,15.151391290395669
42780,15.141663331448505
42800,15.107142779940705
42820,15.122830670400372
42840,15.13856962457264
42860,15.187148152035428
42880,15.183317715724343
42900,15.14783332903128
42920,15.13457495398943
42940,15.194826148417103
42960,15.136462341822988
42980,15.188112994275828
43000,15.194968675150747
43020,15.152539119154811
43040,15.181855566717992
43060,15.207334034787348
43080,15.197620920332138
43100,15.195184377540372
43120,15.160784796769958
43140,15.220200865655404
43160,15.202629195941562
43180,15.18881034645472
43200,15.215323719572698
43220,15.224555200663502
43240,15.192936908301379
43260,15.199620305942304
43280,15.220610981887344
43300,15.244688833864098
43320,15.227995235866068
43340,15.212011681217554
43360,15.257690284188659
43380,15.241222293135412
43400,15.25334460691182
43420,15.205146199038658
43440,15.252163264458746
43460,15.221871154917874
43480,15.217041012933304
43500,15.211693356876877
43520,15.215437733451466
43540,15.227992669166369
43560,15.187154370336685
43580,15.202441764035663
43600,15.218909072805832
43620,15.212916907853957
43640,15.24337455394809
43660,15.23882793436007
43680,15.22541920973439
43700,15.259955842382634
43720,15.26627025476052
43740,15.280726138202049
43760,15.237489779560576
43780,15.282883157559008
43800,15.267853170288095
43820,15.271658475103761
43840,15.290323859733913
43860,15.238219099490479
43880,15.298632773851695
43900,15.250781452124293
43920,15.26198375682161
43940,15.223230035886191
43960,15.265770503913771
43980,15.283640853748603
44000,15.287244883166611
44020,15.296634261861326
44040,15.270655784491833
44060,15.297024641910069
44080,15.32463899452829
44100,15.314957043426201
44120,15.31717723393471
44140,15.30886224687173
44160,15.298329278797542
44180,15.304438913817322
44200,15.325449088822907
44220,15.320105160929403
44240,15.299005668542957
44260,15.31789192564186
44280,15.291886323860979
44300,15.301662178379557
44320,15.302230422366218
44340,15.293835228090607
44360,15.321025577011595
44380,15.31269583716701
44400,15.28845475583709
44420,15.350542801336239
44440,15.359256987154438
44460,15.390791701296092
44480,15.3360368525931
44500,15.347966264444832
44520,15.363293202123597
44540,15.365655138455573
44560,15.377631389204199
44580,15.378289535929412
44600,15.317283010447465
44620,15.39446581388584
44640,15.41482247074281
44660,15.364757205979672
44680,15.370331303527909
44700,15.369720834841015
44720,15.351816198509418
44740,15.395852475828335
44760,15.386811504761102
44780,15.364626938645863
44800,15.3608935682796
44820,15.340035216930405
44840,15.418201527589787
44860,15.377508621848664
44880,15.360312505171477
44900,15.39791478082298
44920,15.424218692021888
44940,15.396581447393892
44960,15.365420706696526
44980,15.411056586376752
45000,15.386297123898826
45020,15.399481798801846
45040,15.454105097553592
45060,15.410584575603481
45080,15.410194980622073
45100,15.4305531934072
45120,15.48118296769929
45140,15.407122436976888
45160,15.431174134616088
45180,15.429610927009643
45200,15.49044408211454
45220,15.470975867341007
45240,15.448797708579388
45260,15.387931200418528
45280,15.437333029732232
45300,15.454367219171678
45320,15.446150167364648
45340,15.441691650292878
45360,15.444892573936702
45380,15.45687242919008
45400,15.447138136485297
45420,15.446434296486357
45440,15.42972914656954
45460,15.481268206077445
45480,15.440893884820118
45500,15.44503718930994
45520,15.445384368808327
45540,15.50874992538699
45560,15.487014841020212
45580,15.509242675125908
45600,15.550678219855289
45620,15.507870151958528
45640,15.493721200345195
45660,15.525443142329578
45680,15.52801363320274
45700,15.476466948775325
45720,15.496729370477322
45740,15.487825508578286
45760,15.447612186681893
45780,15.467456733143688
45800,15.473470104988488
45820,15.496095289551828
45840,15.492365459030488
45860,15.493850914908272
45880,15.463525695896609
45900,15.502179947153245
45920,15.482495735764244
45940,15.52074027886674
45960,15.509960656066927
45980,15.536449740221238
46000,15.489280897548248
46020,15.49131978494102
46040,15.483118047309649
46060,15.455566015966006
46080,15.459505812113253
46100,15.46918930668869
46120,15.50164088235645
46140,15.488593291568801
46160,15.575464873904894
46180,15.528930484880696
46200,15.547593318685731
46220,15.51240880826737
46240,15.523589562331445
46260,15.531855371390183
46280,15.563586300181104
46300,15.550073465214853
46320,15.509684446029478
46340,15.492012005638674
46360,15.547246260796136
46380,15.541203981186502
46400,15.530445418123291
46420,15.552436762254093
46440,15.506429671889851
46460,15.528835767664535
46480,15.587598125859776
46500,15.548408741268045
46520,15.516379405018004
46540,15.515979247615528
46560,15.526189656311724
46580,15.535404183631607
46600,15.543295038870133
46620,15.513656723887095
46640,15.553486167813087
46660,15.566687742202696
46680,15.542621504692647
46700,15.576238126538533
46720,15.579890062685628
46740,15.550336970962377
46760,15.589255358660314
46780,15.569720337381
46800,15.523550085590092
46820,15.564950366808235
46840,15.568505792488995
46860,15.595192378162933
46880,15.52945677931286
46900,15.526004154056377
46920,15.552595545275853
46940,15.549062341892776
46960,15.537928227519679
46980,15.549376507116714
47000,15.543079923331073
47020,15.55171479747091
47040,15.537740720025152
47060,15.553435544559925
47080,15.527724698528202
47100,15.572801569107352
47120,15.565121913759125
47140,15.522393343815857
47160,15.576307754994854
47180,15.597205643301297
47200,15.572691478338596
47220,15.583692716160233
47240,15.622624711814026
47260,15.616573512310492
47280,15.59010325691618
47300,15.573945099124996
47320,15.567442515961382
47340,15.58781162108725
47360,15.562034725049823
47380,15.592401989619477
47400,15.566132154763615
47420,15.60361517502357
47440,15.618553734594649
47460,15.62459512589021
47480,15.665773149027903
47500,15.67242525052108
47520,15.614604882915419
47540,15.59780228357419
47560,15.663906272677618
47580,15.677855361690405
47600,15.654928171289843
47620,15.642013323777329
47640,15.630027145630644
47660,15.694044483161456
47680,15.666263871147843
47700,15.672533932222793
47720,15.661583324261244
47740,15.669500320669869
47760,15.647271366711772
47780,15.680062733605052
47800,15.714405421561436
47820,15.675612806019451
47840,15.65156018551166
47860,15.688863483635055
47880,15.674387455100057
47900,15.711981037056225
47920,15.637107751746456
47940,15.650452230891993
47960,15.665607651942185
47980,15.675044545172103
48000,15.699911303458183
48020,15.711469701442073
48040,15.64442409055028
48060,15.706329712574803
48080,15.720063101256173
48100,15.700343736911073
48120,15.725972016766928
48140,15.711678610642416
48160,15.769425222236912
48180,15.718988713006986
48200,15.713871400605381
48220,15.704084035973887
48240,15.690602708970955
48260,15.718345091999801
48280,15.743232820497678
48300,15.69788010028746
48320,15.725414505851099
48340,15.696696933525963
48360,15.713635024399817
48380,15.731636359920099
48400,15.701816747822548
48420,15.689439991289417
48440,15.692931640104064
48460,15.732113611677786
48480,15.710631232601642
48500,15.710742963041653
48520,15.7471387308643
48540,15.751153602703546
48560,15.72295809002286
48580,15.750088364381853
48600,15.799226804715827
48620,15.731683997846766
48640,15.785102553644126
48660,15.730535137243585
48680,15.742384790491649
48700,15.71515942497414
48720,15.748140908925315
48740,15.73940109643522
48760,15.733128467658013
48780,15.761613994817267
48800,15.76482565727456
48820,15.771783540382769
48840,15.805147050811552
48860,15.755530876725448
48880,15.78798343455808
48900,15.768558684064898
48920,15.805047571072086
48940,15.788251407784255
48960,15.76003428621419
48980,15.73246299260057
49000,15.754011752100471
49020,15.783785437707783
49040,15.745898880187509
49060,15.819120741370579
49080,15.792966494738618
49100,15.764982276060717
49120,15.796024475165515
49140,15.779411286928866
49160,15.795389452375293
49180,15.741626035838543
49200,15.762826035723947
49220,15.799681908923068
49240,15.744877996011203
49260,15.774408015114846
49280,15.768376227503783
49300,15.772313022456686
49320,15.801850490369606
49340,15.84014486982645
49360,15.832550511235317
49380,15.838212077084517
49400,15.853137375562724
49420,15.84657324796874
49440,15.870636474968663
49460,15.842015141651974
49480,15.873665808743159
49500,15.862034078883235
49520,15.9009151497322
49540,15.836144816850652
49560,15.830045005465365
49580,15.847271570066813
49600,15.905381930528165
49620,15.807974154493014
49640,15.817680211229234
49660,15.806974444982705
49680,15.817485430087295
49700,15.834505357455882
49720,15.82122885387098
49740,15.8432846627441
49760,15.798659422785565
49780,15.826062626171465
49800,15.79550371165347
49820,15.812685370389351
49840,15.799351838500943
49860,15.852741576064457
49880,15.832362535873024
49900,15.868165381291043
49920,15.825993567390128
49940,15.804113818981389
49960,15.820941896376294
49980,15.8701455446131
50000,15.83780847462129
50020,15.913081801691066
50040,15.91040666090336
50060,15.90356844227918
50080,15.873871647323105
50100,15.873753623756015
50120,15.890681715493299
50140,15.897975427387866
50160,15.871987474775548
50180,15.892214847925949
50200,15.897801026129276
50220,15.899355991182363
50240,15.871810668210912
50260,15.896986013529986
50280,15.869258143542702
50300,15.906248021116118
50320,15.889088779521662
50340,15.905827042259494
50360,15.911464887117582
50380,15.930738130898064
50400,15.900476682061559
50420,15.876986328809688
50440,15.87818100060359
50460,15.898971732934086
50480,15.893477386417617
50500,15.921606352067077
50520,15.879751256419258
50540,15.901587785158595
50560,15.897780692801899
50580,15.907891886641291
50600,15.915541876684426
50620,15.952731268447424
50640,15.902558166747507
50660,15.948390754204102
50680,15.905094762408513
50700,15.95296787427993
50720,15.933187541562468
50740,15.889530587853855
50760,15.925253184647016
50780,15.907813636252683
50800,15.926532693727513
50820,15.922967513307892
50840,15.924614283181306
50860,15.955605384239698
50880,15.917586303546248
50900,15.945695243204812
50920,15.906794626555179
50940,15.88611087329253
50960,15.978012157818831
50980,15.969821359678924
51000,15.95634530569537
51020,15.951809828339819
51040,15.929779443099264
51060,15.959235507796487
51080,15.963869081171367
51100,15.938927707299861
51120,15.974824899840486
51140,15.988070552927315
51160,16.001130715876965
51180,16.020894706932996
51200,16.026999848282273
51220,15.991354513709558
51240,15.965479735188836
51260,15.968787417467137
51280,15.964511422969812
51300,15.984266039077632
51320,16.007822856058453
51340,16.005719916184436
51360,16.008956976993318
51380,16.013472074330608
51400,16.04481711381289
51420,16.01150263176722
51440,15.987570163433395
51460,16.051013272178388
51480,15.989016905278426
51500,16.05045605451781
51520,15.988662597726229
51540,15.98579686878541
51560,15.997304698335064
51580,16.01142143161091
51600,16.002030851714892
51620,15.968156699587986
51640,16.013964776875625
51660,15.977575378421323
51680,16.001261761795355
51700,15.973671735196834
51720,16.009525174673936
51740,16.01859229718942
51760,15.993800507121142
51780,16.039098390063458
51800,16.027990736329915
51820,16.021235106706758
51840,16.010006020285022
51860,16.047894143234775
51880,15.995262966946171
51900,16.024092999344653
51920,16.011437763688825
51940,16.01443761835906
51960,16.03766571964462
51980,16.022628394796754
52000,16.032366890734316
52020,16.043240423756913
52040,16.04771771894078
52060,16.069978780011027
52080,16.054638918838734
52100,16.04638086469653
52120,16.078842898894006
52140,16.10777190076806
52160,16.075932431357995
52180,16.05724980273377
52200,16.064307258919563
52220,16.086770402922422
52240,16.038994523161506
52260,16.038727775907926
52280,16.08271851020246
52300,16.146663207920007
52320,16.05804897939704
52340,16.05180700204312
52360,16.062851399695596
52380,16.06156360516867
52400,16.070116075240065
52420,16.084161018773205
52440,16.040499984325752
52460,16.11998278517141
52480,16.089019423536406
52500,16.109632806030284
52520,16.04223484248596
52540,16.074357114766176
52560,16.09707102408251
52580,16.09219806827074
52600,16.087349719012657
52620,16.065297426738468
52640,16.08505669922759
52660,16.082090750502203
52680,16.112488130942914
52700,16.066439207881132
52720,16.10858553525973
52740,16.107459455086637
52760,16.113617240834007
52780,16.10219565122437
52800,16.068056548908732
52820,16.105222058414085
52840,16.114215139109742
52860,16.080208742005354
52880,16.06714224557958
52900,16.09600845007089
52920,16.164896307433033
52940,16.109324277248447
52960,16.105172903350287
52980,16.12823963258987
53000,16.1159611319427
53020,16.098150452032872
53040,16.13302473158046
53060,16.148057336383392
53080,16.10458723330114
53100,16.131909053835926
53120,16.092703998372325
53140,16.0931482603044
53160,16.15834943199397
53180,16.081792529546345
53200,16.112712408282412
53220,16.102338947217888
53240,16.113744243387266
53260,16.10614212881967
53280,16.149771873069042
53300,16.124837666734308
53320,16.132024865656746
53340,16.10118763830501
53360,16.173434207061806
53380,16.122383459487736
53400,16.1269715232978
53420,16.133672669746808
53440,16.090629519152603
53460,16.09850653990453
53480,16.084516826295737
53500,16.130223372651336
53520,16.11508037219994
53540,16.122202482265152
53560,16.117569928247363
53580,16.11615752370387
53600,16.10661377438797
53620,16.09590401185741
53640,16.111005188778684
53660,16.12264042406178
53680,16.138446583594146
53700,16.163667574192235
53720,16.23585373663746
53740,16.18328026700862
53760,16.184969525152134
53780,16.181404942786383
53800,16.180440530859926
53820,16.20977964200663
53840,16.165100176183746
53860,16.210006747642495
53880,16.18174670654034
53900,16.198489514293662
53920,16.24011183547654
53940,16.183750580428658
53960,16.194886503558493
53980,16.230483074729534
54000,16.156861639438645
54020,16.168249356384617
54040,16.15812815015537
54060,16.19710524686443
54080,16.14216152282929
54100,16.202589961927472
54120,16.206792965350573
54140,16.217445887835616
54160,16.200339367347954
54180,16.19830219357058
54200,16.1899167682291
54220,16.179561105889995
54240,16.167225004854934
54260,16.181237517865966
54280,16.212227450668408
54300,16.161146004374746
54320,16.191811944557088
54340,16.198497213772917
54360,16.198443286428958
54380,16.215909083377483
54400,16.17229032155592
54420,16.186238889657727
54440,16.144586734563635
54460,16.183602253839233
54480,16.1788316785831
54500,16.205329026625606
54520,16.24785407090437
54540,16.18073943192595
54560,16.21695495369249
54580,16.231150518662506
54600,16.212416821033173
54620,16.24534337086797
54640,16.213069614071465
54660,16.22459611991497
54680,16.24339790934732
54700,16.21003735735538
54720,16.185899843246858
54740,16.201459639954514
54760,16.18961862035519
54780,16.190189953798598
54800,16.130950735205854
54820,16.1593115056031
54840,16.25348080623067
54860,16.214043386499625
54880,16.205708410050246
54900,16.167328353394808
54920,16.1826851287815
54940,16.196218151732964
54960,16.16346617436324
54980,16.16652754525061
55000,16.21677158950778
55020,16.264866206541203
55040,16.285351262436528
55060,16.243805388079323
55080,16.25264405022745
55100,16.2108168936213
55120,16.248710593422107
55140,16.218652849690102
55160,16.211187757477262
55180,16.237523445317073
55200,16.292451862288615
55220,16.26134415574421
55240,16.238219471926115
55260,16.291080726615796
55280,16.272221998332697
55300,16.27402456351374
55320,16.263025711215317
55340,16.252345918755957
55360,16.28810935206384
55380,16.254641418752044
55400,16.219530111901978
55420,16.250718801813914
55440,16.24380923627811
55460,16.277173224279785
55480,16.247981590385045
55500,16.242169645341352
55520,16.259712693919976
55540,16.249577542414876
55560,16.262478167794747
55580,16.2809919281485
55600,16.29007426640612
55620,16.263222256506563
55640,16.210947984196494
55660,16.212743641635807
55680,16.294092395561083
55700,16.279855843431164
55720,16.317115663323207
55740,16.32508813063783
55760,16.31433357166208
55780,16.22789628080087
55800,16.23389988801228
55820,16.279481622938743
55840,16.266368210292104
55860,16.297700465331534
55880,16.25193574434282
55900,16.266302353833737
55920,16.26644596215336
55940,16.266220123274426
55960,16.234571592095364
55980,16.264936975155727
56000,16.264769286748493
56020,16.264054986222195
56040,16.285354233462648
56060,16.241303496450914
56080,16.29097053601285
56100,16.293408197041238
56120,16.289787307215484
56140,16.276403586659068
56160,16.323129667831704
56180,16.273634554153197
56200,16.270430533561957
56220,16.269006242204664
56240,16.272943351167278
56260,16.297313853314996
56280,16.319563097177948
56300,16.362654597720688
56320,16.31289177149432
56340,16.31266441622207
56360,16.34188514695625
56380,16.350602336430857
56400,16.350776262525073
56420,16.332487103339925
56440,16.265639962908285
56460,16.29492374686325
56480,16.320652746255877
56500,16.32233225054658
56520,16.378783376736834
56540,16.35712024839551
56560,16.330237859583
56580,16.353639289941462
56600,16.31823094671168
56620,16.350161404583645
56640,16.30215744741062
56660,16.282386941950072
56680,16.328773175860444
56700,16.346524905048177
56720,16.299493992519455
56740,16.283830989004375
56760,16.28961709042478
56780,16.312540099707338
56800,16.33201812447633
56820,16.340408020838172
56840,16.318447426010284
56860,16.282928627862674
56880,16.305732281958427
56900,16.31805090987946
56920,16.344492100498623
56940,16.382472061198353
56960,16.308556894827607
56980,16.335671760174783
57000,16.324111179164113
57020,16.329312854985062
57040,16.329482168130944
57060,16.352454621350667
57080,16.2957969302645
57100,16.309569344445297
57120,16.323415112242238
57140,16.35928208768957
57160,16.338023482241923
57180,16.398277839865006
57200,16.383757053162988
57220,16.332375521944527
57240,16.375196316500595
57260,16.388417923988165
57280,16.400625719809124
57300,16.347286157500783
57320,16.394172441675696
57340,16.357672847553438
57360,16.338753100313763
57380,16.366069385631334
57400,16.389710066118916
57420,16.439074667644043
57440,16.40291033869144
57460,16.368647373035003
57480,16.40306554915036
57500,16.34865687224757
57520,16.394140156485904
57540,16.421841437338554
57560,16.459768927472027
57580,16.436850117938313
57600,16.366638109146194
57620,16.396450813514726
57640,16.429922903741918
57660,16.46178019593817
57680,16.40073486128187
57700,16.398455307258644
57720,16.39499403775774
57740,16.400365241805456
57760,16.412471896031157
57780,16.401597417888723
57800,16.399935434561588
57820,16.33760125531504
57840,16.332896427499048
57860,16.365542335745545
57880,16.42589196322815
57900,16.38093850529787
57920,16.40297762565827
57940,16.3816487261616
57960,16.374312831682747
57980,16.35624859951899
58000,16.399618375461344
58020,16.365220932151306
58040,16.373506176804923
58060,16.372039543606725
58080,16.38713343103081
58100,16.38929770789845
58120,16.403918744309408
58140,16.45214522921013
58160,16.42475006585636
58180,16.426876394536713
58200,16.40971315437765
58220,16.414300283320323
58240,16.38310739848882
58260,16.3533875440198
58280,16.40360916455574
58300,16.433483881880097
58320,16.417263945580075
58340,16.42043118481182
58360,16.380949090552026
58380,16.366892103032733
58400,16.432702633506587
58420,16.382222680804674
58440,16.389195206648523
58460,16.395281881083786
58480,16.430423178794534
58500,16.426714268826935
58520,16.406104012902023
58540,16.39096377570215
58560,16.401192616589
58580,16.463241385124487
58600,16.420932230008034
58620,16.43608072057534
58640,16.478149120816493
58660,16.426868270727585
58680,16.417792115652823
58700,16.426537026769783
58720,16.472162824652937
58740,16.46886551360668
58760,16.412436241283007
58780,16.42389237578618
58800,16.421685805297695
58820,16.430299244174346
58840,16.494895673238396
58860,16.449334065856373
58880,16.475923780544612
58900,16.454336049211378
58920,16.446285979611265
58940,16.498774823103275
58960,16.506618905632347
58980,16.47225415384579
59000,16.504566347630206
59020,16.442009577131437
59040,16.445504801072612
59060,16.456614657636283
59080,16.494732438028144
59100,16.46143502903437
59120,16.514490500414766
59140,16.46999490402339
59160,16.50975087849116
59180,16.482547920562368
59200,16.504642952104817
59220,16.463289094242192
59240,16.508013345451346
59260,16.538398486368465
59280,16.49885576168794
59300,16.467088979821717
59320,16.450320431408333
59340,16.46288415700357
59360,16.46313257918871
59380,16.476880886034504
59400,16.46942278095203
59420,16.457354700764405
59440,16.46155346441576
59460,16.454709440062885
59480,16.467268845628745
59500,16.4760655795284
59520,16.47528672709265
59540,16.48313194894228
59560,16.45286045729251
59580,16.473941137773682
59600,16.483297571185126
59620,16.490770157919584
59640,16.498132690259254
59660,16.49568019159382
59680,16.474058520612104
59700,16.506259106944587
59720,16.507687554158636
59740,16.461744459147603
59760,16.510432987816223
59780,16.486726758978996
59800,16.506788078246622
59820,16.504355062867422
59840,16.510035557595252
59860,16.492640672452076
59880,16.522013845460442
59900,16.50519983549059
59920,16.54340478319986
59940,16.54003884800168
59960,16.560719446085912
59980,16.53249847118357
60000,16.537659435673664
60020,16.51656665829569
60040,16.521196721593558
60060,16.498864088294955
60080,16.48703539049314
60100,16.503154287359482
60120,16.478235867319775
60140,16.490817064728894
60160,16.51013706686034
60180,16.479281297120362
60200,16.52222153168289
60220,16.534455072681556
60240,16.534258675240604
60260,16.51161181801276
60280,16.55916716305403
60300,16.55830536192187
60320,16.58455125920407
60340,16.54041143900522
60360,16.536706699532616
60380,16.5501895713661
60400,16.538026184651592
60420,16.5711821452032
60440,16.551191558415894
60460,16.563246365773264
60480,16.57887756316044
60500,16.547846322397945
60520,16.577468783151385
60540,16.530791231299617
60560,16.564348980163718
60580,16.556451948188403
60600,16.55727413992641
60620,16.576771548875293
60640,16.559021102143088
60660,16.544618311859356
60680,16.551085505863234
60700,16.531510640197922
60720,16.54327615403865
60740,16.537651637860364
60760,16.559401873047406
60780,16.54948951737615
60800,16.542463686868984
60820,16.536040521740883
60840,16.543327901054703
60860,16.516464335973232
60880,16.53524718670285
60900,16.525679979929908
60920,16.53600724233589
60940,16.593244319688985
60960,16.557356410740724
60980,16.539657037053345
61000,16.551458515872643
61020,16.540642304636997
61040,16.53896579036172
61060,16.54965861075418
61080,16.54893532538185
61100,16.547270568327946
61120,16.539376351640275
61140,16.570371376171835
61160,16.590819860722537
61180,16.552240756912234
61200,16.59945999387253
61220,16.590172364694993
61240,16.566471970412493
61260,16.563477089688188
61280,16.564197476404573
61300,16.597460189113043
61320,16.596746415983475
61340,16.556106147756545
61360,16.536138063705906
61380,16.541119270009034
61400,16.556421697435017
61420,16.51818979552434
61440,16.57084460253361
61460,16.52863566738034
61480,16.548531601337814
61500,16.522835901252357
61520,16.532352269805262
61540,16.575732233222432
61560,16.536748201006958
61580,16.59397084693404
61600,16.563370633544732
61620,16.57446995027284
61640,16.56627430472547
61660,16.592149661897743
61680,16.61364136429728
61700,16.58782593204499
61720,16.590885676172192
61740,16.614931633853207
61760,16.666143778029376
61780,16.61306208800118
61800,16.583993550337492
61820,16.632619267175315
61840,16.57292356780456
61860,16.559714246107518
61880,16.57591924763943
61900,16.527685779889563
61920,16.5871408750983
61940,16.627218493216322
61960,16.589271899711182
61980,16.619239291723794
62000,16.580074787718182
62020,16.565829598459935
62040,16.56895996280591
62060,16.575490510308203
62080,16.606118119939236
62100,16.610285408208725
62120,16.562919178929373
62140,16.648762438092454
62160,16.6413202402455
62180,16.630445024672042
62200,16.633115712066694
62220,16.648211232403327
62240,16.604800370805485
62260,16.626976140069594
62280,16.65975483299642
62300,16.637148444330474
62320,16.646105666950398
62340,16.6423739606104
62360,16.685533414415904
62380,16.654133328887617
62400,16.683651649916204
62420,16.635716048046657
62440,16.670805026139554
62460,16.629626708371568
62480,16.61355655444237
62500,16.63768011951945
62520,16.614036335071443
62540,16.643478793024734
62560,16.61242123433035
62580,16.652727309756308
62600,16.66040702579355
62620,16.66236687261782
62640,16.69166828409876
62660,16.640761330288953
62680,16.677291253421657
62700,16.66804281915826
62720,16.689942494355517
62740,16.655257381381283
62760,16.67363938974384
62780,16.6501579077017
62800,16.64788016125796
62820,16.66702978979394
62840,16.677424064009674
62860,16.68554999477533
62880,16.692001935022667
62900,16.662753465142472
62920,16.643887660056947
62940,16.68732154210403
62960,16.660869616440213
62980,16.67228739776392
63000,16.650360892777933
63020,16.640027324478666
63040,16.64742453547373
63060,16.636519847972757
63080,16.669869201362676
63100,16.664843308201796
63120,16.69047735657983
63140,16.649230459180902
63160,16.656105664170738
63180,16.693380548014
63200,16.62410438113048
63220,16.671378720079627
63240,16.7050565364018
63260,16.697848919211687
63280,16.66371866110855
63300,16.696632376274515
63320,16.659390371466763
63340,16.650754347373997
63360,16.655396878862163
63380,16.673868606222214
63400,16.695117683325805
63420,16.680884464482553
63440,16.659125259412953
63460,16.675541243732948
63480,16.690171333784274
63500,16.688615224955452
63520,16.69488704389569
63540,16.70870113719753
63560,16.71889064136972
63580,16.72402276349873
63600,16.691001597020055
63620,16.659572326317942
63640,16.69083927639165
63660,16.69588836364866
63680,16.710644185905664
63700,16.724225627423046
63720,16.700269042301464
63740,16.69677845163578
63760,16.737954369779047
63780,16.722579412654234
63800,16.71396317794383
63820,16.705148594631076
63840,16.721150687512143
63860,16.722555488858514
63880,16.762487802054835
63900,16.74376298407006
63920,16.763592572044846
63940,16.78150000177737
63960,16.70767555635496
63980,16.68999883849038
64000,16.738551158466198
64020,16.685114485584553
64040,16.73398199168778
64060,16.73024444592206
64080,16.766233809896235
64100,16.704957444967278
64120,16.746003404951868
64140,16.707964718385767
64160,16.71167531932821
64180,16.7098340155048
64200,16.70168392972124
64220,16.647807973078855
64240,16.70027082759755
64260,16.720514101190208
64280,16.676350165054153
64300,16.66664270189754
64320,16.683982467792628
64340,16.6825000367985
64360,16.750451947447036
64380,16.747954617551017
64400,16.724694040459084
64420,16.728219158983197
64440,16.67526098964512
64460,16.69040445901972
64480,16.715093416481217
64500,16.673002853697106
64520,16.714736402924352
64540,16.690311369530654
64560,16.717404919982442
64580,16.71739974985076
64600,16.734818463252175
64620,16.733250317594557
64640,16.70412488201068
64660,16.736516694597032
64680,16.720048236966875
64700,16.723610557913645
64720,16.729156078363335
64740,16.763887732143402
64760,16.720154262153656
64780,16.70827733922001
64800,16.771572124875085
64820,16.813193317959218
64840,16.759660132334822
64860,16.755579955037582
64880,16.775614292530165
64900,16.756748264414497
64920,16.762324972342583
64940,16.77475708354933
64960,16.73143057314663
64980,16.74935477527105
65000,16.773491154768056
65020,16.75219046774153
65040,16.70693287206506
65060,16.714122222592906
65080,16.754378400957748
65100,16.751848084214963
65120,16.779697881209657
65140,16.76004370996302
65160,16.796557985729986
65180,16.784961724332835
65200,16.743523293861934
65220,16.737978783632105
65240,16.755113168636466
65260,16.73012819770009
65280,16.758348636325067
65300,16.750244091072517
65320,16.760238941992537
65340,16.757099175521844
65360,16.770643274740742
65380,16.74039534967469
65400,16.73820950643962
65420,16.73887790724156
65440,16.767921086232167
65460,16.738882072515924
65480,16.76338081010057
65500,16.7772334818533
65520,16.783539455794575
65540,16.81096309339246
65560,16.782053237809997
65580,16.767509263816944
65600,16.754309315131657
65620,16.81652254229201
65640,16.76724100383592
65660,16.791720961506016
65680,16.791077394546658
65700,16.778717726948283
65720,16.78238055200985
65740,16.77603893913596
65760,16.7898127277574
65780,16.79848965024462
65800,16.79123030147477
65820,16.76923526424188
65840,16.753464255035
65860,16.740646429097897
65880,16.765539550434255
65900,16.775410780236893
65920,16.80030734602076
65940,16.758250666439615
65960,16.785895953538315
65980,16.764075480829874
66000,16.820965251946014
66020,16.814381482440005
66040,16.765274212062085
66060,16.830703077117025
66080,16.800515462407922
66100,16.79189643176011
66120,16.795798983752682
66140,16.785508418829515
66160,16.8003608186537
66180,16.783620932492447
66200,16.79291053704099
66220,16.77436269785796
66240,16.770341813009757
66260,16.788833268964375
66280,16.761851176638867
66300,16.78339824354377
66320,16.75768413933809
66340,16.779095505802264
66360,16.79263961915044
66380,16.796647905873506
66400,16.74011828115988
66420,16.739292998938247
66440,16.78862276283062
66460,16.773682634622826
66480,16.81568389083279
66500,16.813608885022113
66520,16.82208985860971
66540,16.8535915582602
66560,16.79087694429982
66580,16.772635399534376
66600,16.831453308160363
66620,16.840902206248263
66640,16.811993044890635
66660,16.803065825850496
66680,16.866104574274203
66700,16.773024789416397
66720,16.816536134108482
66740,16.868661868056698
66760,16.78848479521541
66780,16.827523780008335
66800,16.786418476993056
66820,16.819563397335177
66840,16.831881728295976
66860,16.815755540411388
66880,16.81738931029141
66900,16.84684873327652
66920,16.806647494502272
66940,16.83168775678371
66960,16.86489355451008
66980,16.811384058103062
67000,16.837106760232672
67020,16.840987249287053
67040,16.862280264922436
67060,16.794300175342503
67080,16.834554122907043
67100,16.8379463880376
67120,16.78785171044678
67140,16.794703410912184
67160,16.805746960784656
67180,16.82013800680167
67200,16.830269407381444
67220,16.82566430710245
67240,16.79437032810975
67260,16.852738695302154
67280,16.853801988195755
67300,16.815374185898953
67320,16.810795272074223
67340,16.800182971041686
67360,16.814017803056505
67380,16.827194741517474
67400,16.8130877447145
67420,16.79227888546286
67440,16.741460600538872
67460,16.762498520135146
67480,16.79775450000155
67500,16.79465253370373
67520,16.823800168202677
67540,16.7912155593153
67560,16.79733739854379
67580,16.811381360084486
67600,16.785947909477173
67620,16.805324505463584
67640,16.81048212531158
67660,16.804948077784694
67680,16.830234288653152
67700,16.8395554683465
67720,16.8372224431372
67740,16.840982358259833
67760,16.799211143219505
67780,16.81373479558195
67800,16.810246643806007
67820,16.82286343623052
67840,16.814469195213515
67860,16.847485158871297
67880,16.848979740020976
67900,16.82986829464024
67920,16.825316128054382
67940,16.82787018704756
67960,16.8606372364545
67980,16.811638670019185
68000,16.810558321606365
68020,16.8076413580521
68040,16.833137737180056
68060,16.777584481137602
68080,16.83972673271854
68100,16.83255730786389
68120,16.831097063750796
68140,16.81950665752486
68160,16.79853432333865
68180,16.82084156420625
68200,16.86619458541971
68220,16.84889991350911
68240,16.79675891856882
68260,16.791162483153702
68280,16.779187977522838
68300,16.770898558455514
68320,16.752634940912998
68340,16.785646572896717
68360,16.872534135991877
68380,16.790626270637837
68400,16.81829244784985
68420,16.82476507502614
68440,16.816435133260246
68460,16.887981934803186
68480,16.83943841180617
68500,16.801387993932828
68520,16.797713679703886
68540,16.781258368928604
68560,16.818632863465663
68580,16.840437025465498
68600,16.836627193715074
68620,16.835042507357986
68640,16.849312430640374
68660,16.826599270757526
68680,16.794312305675685
68700,16.833715972383587
68720,16.819110337573413
68740,16.816085684012155
68760,16.78685078985571
68780,16.823848110956018
68800,16.822366264782556
68820,16.856526379268505
68840,16.805821154947132
68860,16.804455178201408
68880,16.823436542082355
68900,16.83109309862923
68920,16.7756034603012
68940,16.805491628659336
68960,16.795315791029815
68980,16.78589197834824
69000,16.799750070750598
69020,16.787459955993786
69040,16.758938969989153
69060,16.808249270233503
69080,16.775732665543863
69100,16.781238129110314
69120,16.819657669892358
69140,16.827392061177466
69160,16.82665550701578
69180,16.79343245193749
69200,16.819151443560038
69220,16.849936566723542
69240,16.80902968524829
69260,16.80093339686183
69280,16.836787430752175
69300,16.837825563712773
69320,16.829202328432682
69340,16.829426835514507
69360,16.844395650014636
69380,16.82413722043021
69400,16.88600095381501
69420,16.813272890565727
69440,16.867989770495317
69460,16.82544520911261
69480,16.847756940565144
69500,16.887152594344563
69520,16.836483573012906
69540,16.851789277208795
69560,16.83391796463061
69580,16.869411665189357
69600,16.87383899365949
69620,16.85157886410541
69640,16.804761945471117
69660,16.84250879222617
69680,16.844937283257597
69700,16.792264383494924
69720,16.813342806660902
69740,16.820937996434072
69760,16.806687782912995
69780,16.838368877092872
69800,16.834637918231444
69820,16.819543663982493
69840,16.82067055998077
69860,16.81618671205308
69880,16.89971920189613
69900,16.86135108556286
69920,16.81465739283609
69940,16.821149189880565
69960,16.855907966803702
69980,16.815737903969733
70000,16.82262986150862
70020,16.809057596714034
70040,16.82458371656139
70060,16.832651220189664
70080,16.82986589432941
70100,16.84737700916127
70120,16.83116441135126
70140,16.801063669571516
70160,16.777726374906596
70180,16.819856936392277
70200,16.83681881803373
70220,16.825065634113972
70240,16.836930396146457
70260,16.809816298262255
70280,16.837956297596897
70300,16.81873153814491
70320,16.817468494207546
70340,16.850292576321646
70360,16.856764071145307
70380,16.861675399151764
70400,16.851801392255005
70420,16.8313943767309
70440,16.81410503972442
70460,16.852590129990496
70480,16.87388558188879
70500,16.85980908391968
70520,16.823480587617723
70540,16.838430872747672
70560,16.830531026933794
70580,16.851580555893268
70600,16.844226526985288
70620,16.816582635238802
70640,16.77674333490135
70660,16.809160327715382
70680,16.81491542367859
70700,16.797761828006372
70720,16.81964629424881
70740,16.80801535184242
70760,16.829583976197693
70780,16.830949080797463
70800,16.832285857514492
70820,16.827621409501155
70840,16.845407674435886
70860,16.83876017839313
70880,16.84011363226696
70900,16.87608764381249
70920,16.82951906204094
70940,16.80869623149316
70960,16.83746230399301
70980,16.810540267257245
71000,16.806968661046056
71020,16.805322342309893
71040,16.8830249736027
71060,16.87010561765158
71080,16.815644637685924
71100,16.841107289463785
71120,16.855980148193375
71140,16.817998204686102
71160,16.87732301842777
71180,16.876064896166483
71200,16.87127866659607
71220,16.85942156202247
71240,16.84775583952444
71260,16.88251967589698
71280,16.87644506371552
71300,16.911514690674746
71320,16.877039491011153
71340,16.89052627396638
71360,16.92978295137619
71380,16.860262421457055
71400,16.86870526622247
71420,16.846620554848336
71440,16.84125004224917
71460,16.876385568640824
71480,16.863451979718583
71500,16.841704907943928
71520,16.87875619047023
71540,16.872712672084873
71560,16.87204094938739
71580,16.86551788749766
71600,16.888296537172057
71620,16.934504538257713
71640,16.950463431506826
71660,16.894191040070403
71680,16.89722047004653
71700,16.897819037829237
71720,16.85947011515993
71740,16.873709324815998
71760,16.87936775482638
71780,16.871060733523105
71800,16.897787351619414
71820,16.901329695119045
71840,16.87499146454829
71860,16.906483346015758
71880,16.85674594521121
71900,16.944163600747736
71920,16.921738937125482
71940,16.920103181808344
71960,16.905025626946177
71980,16.87785315251552
72000,16.914647435278056
72020,16.935797425966662
72040,16.928562182398203
72060,16.916413077347393
72080,16.92275762239781
72100,16.908349825272854
72120,16.906172811830437
72140,16.902705159925716
72160,16.94417168835332
72180,16.887477796658228
72200,16.86861180122841
72220,16.877725815170944
72240,16.910776758289067
72260,16.851221041211318
72280,16.830690134639816
72300,16.852603536752078
72320,16.89835290647599
72340,16.87210654500015
72360,16.858461659395132
72380,16.889892954729962
72400,16.90838975761205
72420,16.911528172333146
72440,16.9098267488709
72460,16.876743773992658
72480,16.932087619816333
72500,16.91666973323373
72520,16.865177262442202
72540,16.875610316430194
72560,16.904244389366944
72580,16.94091161911369
72600,16.903535103055095
72620,16.907055104011185
72640,16.917667395044344
72660,16.916333492645183
72680,16.883229363586622
72700,16.902339381955173
72720,16.913639263222134
72740,16.94825355810306
72760,16.93757344400135
72780,16.93529577018033
72800,16.9119453495824
72820,16.926278466564614
72840,16.962165765620465
72860,16.930659656997303
72880,16.94917834000411
72900,16.932200187288224
72920,16.920779292889243
72940,16.955472720344268
72960,16.979722687008227
72980,16.925942728116084
73000,16.93483317102999
73020,16.956971638574196
73040,16.8811576841951
73060,16.958629579118146
73080,16.907694257307323
73100,16.922771076874017
73120,16.90213879931202
73140,16.884977626731988
73160,16.918485372362092
73180,16.924974662068294
73200,16.918872169100496
73220,16.943322134402372
73240,16.967279202869705
73260,16.94149100925967
73280,16.877282577983507
73300,16.92606459205356
73320,16.963622119303366
73340,16.869008073152493
73360,16.919201932951125
73380,16.87738524444599
73400,16.903162272444664
73420,16.945420049369403
73440,16.930266014553865
73460,16.92058406817918
73480,16.949896681486397
73500,16.937957563342106
73520,16.912159416100657
73540,16.928580166333575
73560,16.93237190151287
73580,16.93389242688751
73600,16.966727328352558
73620,16.92971269269927
73640,16.946416325581485
73660,16.977835223807123
73680,16.935693049760513
73700,16.934118232210977
73720,16.90999819895735
73740,16.945599681443408
73760,16.912357239820565
73780,16.97547600572722
73800,16.93343490996672
73820,16.936492292700265
73840,16.993295924577012
73860,16.95226009726891
73880,16.934470476709144
73900,16.907086955301466
73920,16.933100715668438
73940,16.88489518928099
73960,16.864314055919728
73980,16.886687032241493
74000,16.934843334617256
74020,16.8968773414824
74040,16.921402481144526
74060,16.94431223730696
74080,16.95370663875902
74100,16.93820276414533
74120,16.941919790368434
74140,16.915167561602352
74160,16.882774996933197
74180,16.931515104195398
74200,16.92294565510617
74220,16.932590073833474
74240,16.931412361604604
74260,16.92509116306664
74280,16.92428886128201
74300,16.95806109793338
74320,16.945884806958826
74340,16.95351170080663
74360,16.948948894236537
74380,16.917143912096577
74400,16.949037528671994
74420,16.923785545670924
74440,16.987339596219538
74460,16.930108106960763
74480,16.926640868368317
74500,16.898005559258582
74520,16.92282512121951
74540,16.91267035967191
74560,16.932842599310064
74580,16.99734807448641
74600,16.991337030617956
74620,16.922622045959805
74640,16.900052142344897
74660,16.91469594464782
74680,16.888086032968992
74700,16.91329314790066
74720,16.895450054320865
74740,16.923817691347278
74760,16.93712230405704
74780,16.90044985272452
74800,16.91009078672841
74820,16.91381535207639
74840,16.92997138405516
74860,16.95806084005843
74880,16.914459061849726
74900,16.92544413897477
74920,16.915531037969185
74940,16.890506181356663
74960,16.943784358672367
74980,16.88785150657033
75000,16.918687381916975
75020,16.890840295447287
75040,16.938439445253714
75060,16.950733872393336
75080,16.92936170378099
75100,16.93123978377007
75120,16.920128656850533
75140,16.924454306990377
75160,16.92382150562644
75180,16.919104636979867
75200,16.928719379916544
75220,16.898809390733128
75240,16.978947719765404
75260,16.954999499652015
75280,16.933581041377565
75300,16.919832728011635
75320,16.913991239710196
75340,16.990916380471177
75360,16.974178974676985
75380,16.998280748154837
75400,16.92315817490487
75420,16.921040202164942
75440,16.94577523973941
75460,16.934893482258804
75480,16.943593253433576
75500,16.9698389470502
75520,16.912287761840965
75540,16.913106705443504
75560,16.96790434834662
75580,16.945462597301784
75600,16.982839793359013
75620,16.93978110270196
75640,16.942001505825562
75660,16.923198688695997
75680,16.967916098694662
75700,16.92608440100202
75720,16.912371447388367
75740,16.90562925530451
75760,16.910126235755563
75780,16.93984349100795
75800,16.96323187599881
75820,16.973122302293696
75840,16.96519111301371
75860,16.99513070644489
75880,16.99619791261142
75900,16.92981023052721
75920,16.93633414956873
75940,16.95987832155785
75960,16.963557702260445
75980,16.93004894792891
76000,16.941869548567233
76020,16.94579236115357
76040,16.96533720781906
76060,16.9775481423202
76080,16.946334097176944
76100,16.997790636840403
76120,16.943855168788495
76140,16.956401802918123
76160,16.961340383609567
76180,16.987053468081662
76200,16.96038444501613
76220,16.962132149495538
76240,16.93985828909752
76260,16.97095630302617
76280,16.971771895261373
76300,16.934384471997692
76320,16.973785411510708
76340,16.965004783306625
76360,16.96325127642284
76380,17.01215357778985
76400,17.009053682386046
76420,16.942482214879007
76440,16.95775766570115
76460,16.96832412803625
76480,16.9615002838237
76500,16.95729460013732
76520,16.940193863767597
76540,16.910277025522088
76560,16.925374153943626
76580,16.96615487021376
76600,16.998349202078828
76620,16.983418002103033
76640,16.994921333292584
76660,17.00253558067822
76680,17.012260172224053
76700,16.958198602240536
76720,17.044521564863814
76740,16.986164933045107
76760,16.94715160845277
76780,16.944938494423003
76800,17.032430300167917
76820,16.992193387403326
76840,16.960374924271264
76860,16.979866340655562
76880,16.96997411811023
76900,16.979954806161075
76920,16.97490398708211
76940,16.969967652774685
76960,16.9990909748793
76980,16.972048202754664
77000,16.969121782473003
77020,17.042565623188864
77040,16.980591636318028
77060,17.01883830749247
77080,17.02770361951325
77100,17.030478660288875
77120,16.984868966793776
77140,16.96692685188288
77160,16.953266161007804
77180,16.940229544511677
77200,16.96839692920052
77220,16.954592012461514
77240,16.9490869268728
77260,16.972174581434732
77280,16.94363493446118
77300,16.950902650457202
77320,17.009833753409257
77340,16.985391727203083
77360,16.95387433519105
77380,16.955472029383166
77400,16.93708659446205
77420,16.96289232857592
77440,16.93998397181163
77460,16.932717779246694
77480,16.939654220908114
77500,16.93069204442591
77520,16.950431137938224
77540,16.90045609607335
77560,16.937797835346426
77580,16.900469657094153
77600,16.94197770480778
77620,16.97993716941795
77640,16.995157480179046
77660,17.01014613291755
77680,16.992016107891796
77700,16.948648983852763
77720,16.9415425305629
77740,16.926512399680462
77760,16.91758160589631
77780,16.94126495556517
77800,16.932890409194847
77820,16.942202018857603
77840,16.9349959908017
77860,16.952596978834052
77880,16.9593939343578
77900,16.952708816531615
77920,16.94913968065142
77940,16.932914345021995
77960,16.89570574301532
77980,16.92985254105583
78000,16.93504622253566
78020,16.91656289305827
78040,16.981902257211118
78060,16.931133388073874
78080,16.94642324030041
78100,16.963711580753507
78120,16.96681435679579
78140,16.952863208065708
78160,16.962226788973258
78180,16.979836793905864
78200,17.013301198279077
78220,16.968353474445422
78240,16.945395089650443
78260,17.006321999183434
78280,17.026750165253098
78300,17.019492243923676
78320,16.940523610416395
78340,16.95219573840336
78360,16.960645241174277
78380,16.930839192494545
78400,17.03098006794232
78420,16.938594654277736
78440,16.95045486760232
78460,16.943654969498407
78480,17.020893541400014
78500,16.99549468067096
78520,17.012348355820052
78540,16.99333301559808
78560,16.9714001829686
78580,16.938332516248334
78600,17.01149954684195
78620,16.97343046095339
78640,16.95124011050683
78660,16.9347546960248
78680,16.945224969691562
78700,16.983226217944953
78720,17.006048020402787
78740,16.994980101273335
78760,16.98458690181532
78780,17.004371359693955
78800,16.997758847460354
78820,16.97656189776735
78840,16.98249023791077
78860,16.994367799774757
78880,17.015520583719706
78900,17.0301482399658
78920,16.95960450890952
78940,17.00451390982165
78960,16.94426126870926
78980,16.98000585640799
79000,16.99269982084896
79020,17.02137616239886
79040,16.94904667316611
79060,17.002920852290938
79080,16.984284212301095
79100,17.021825793108647
79120,16.943258397994565
79140,16.982098342156977
79160,17.00438253240044
79180,17.025058098940704
79200,17.017518049230738
79220,17.061474517192618
79240,17.0551851754339
79260,17.029345941965488
79280,17.015730589339483
79300,17.046849217544256
79320,17.012875711132395
79340,16.996223171205774
79360,17.048203559780077
79380,16.973980577138747
79400,16.96770329630146
79420,16.98480333204325
79440,16.999782525605013
79460,16.976568635330757
79480,17.034374603933397
79500,16.987301800707446
79520,16.971646730996326
79540,16.957411206264123
79560,16.99724696258087
79580,16.99920969075998
79600,16.990235955566472
79620,17.01186993532129
79640,17.048462537397302
79660,16.982615619045525
79680,16.991914229210963
79700,16.992360648947365
79720,17.00645401043117
79740,16.989512016755587
79760,17.015251466962113
79780,16.947340655098373
79800,16.948466781943193
79820,16.96660618906927
79840,16.961157972511987
79860,16.990439096756187
79880,16.9949625681111
79900,16.989451451160207
79920,16.994346178680047
79940,16.984108345383913
79960,16.985252926427023
79980,17.04765243986654
